"id","name","degrees","qualification_type","created_at"
1,"information science and engineering","[{""id"": 17, ""name"": ""bachelor of engineering""}, {""id"": 37, ""name"": ""bachelor of technology""}]","degree","2023-01-11 16:31:26.720351+00"
2,"computer science","[{""id"": 13, ""name"": ""bachelor of computer application"", ""created"": ""2023-01-11T16:34:38.624444Z"", ""details"": {""shortname"": ""bca"", ""qualification_type"": {""id"": 3, ""name"": ""degree""}}, ""updated"": ""2023-01-11T16:34:38.624444Z"", ""priority"": true}]","degree","2023-01-11 16:31:26.726355+00"
3,"aeronautical engineering","[{""id"": 17, ""name"": ""bachelor of engineering""}, {""id"": 37, ""name"": ""bachelor of technology""}]","degree","2023-01-11 16:31:26.728459+00"
4,"architecture","[{""id"": 35, ""name"": ""bachelor of science"", ""created"": ""2023-01-11T16:34:38.660955Z"", ""details"": {""shortname"": ""b sc"", ""qualification_type"": {""id"": 3, ""name"": ""degree""}}, ""updated"": ""2023-01-11T16:34:38.660955Z"", ""priority"": true}]","degree","2023-01-11 16:31:26.730131+00"
5,"automobile engineering","[{""id"": 37, ""name"": ""bachelor of technology""}, {""id"": 17, ""name"": ""bachelor of engineering""}]","degree","2023-01-11 16:31:26.731949+00"
6,"biomedical sciences","[{""id"": 3, ""name"": ""bachelor of arts"", ""created"": ""2023-01-11T16:34:38.605109Z"", ""details"": {""shortname"": ""ba"", ""qualification_type"": {""id"": 3, ""name"": ""degree""}}, ""updated"": ""2023-01-11T16:34:38.605109Z"", ""priority"": true}]","degree","2023-01-11 16:31:26.733778+00"
7,"biotechnology","[{""id"": 17, ""name"": ""bachelor of engineering""}, {""id"": 37, ""name"": ""bachelor of technology""}]","degree","2023-01-11 16:31:26.735559+00"
9,"photography","[{""id"": 63, ""name"": ""diploma""}]","diploma","2023-01-11 16:31:26.738899+00"
10,"artificial intelligence and data science","[{""id"": 17, ""name"": ""bachelor of engineering""}, {""id"": 37, ""name"": ""bachelor of technology""}]","degree","2023-01-11 16:31:26.740609+00"
11,"intelligent robotics","[{""id"": 57, ""name"": ""master of science""}]","masters","2023-01-11 16:31:26.742279+00"
12,"electronics and communication","[{""id"": 35, ""name"": ""bachelor of science"", ""created"": ""2023-01-11T16:34:38.660955Z"", ""details"": {""shortname"": ""b sc"", ""qualification_type"": {""id"": 3, ""name"": ""degree""}}, ""updated"": ""2023-01-11T16:34:38.660955Z"", ""priority"": true}]","degree","2023-01-11 16:31:26.743911+00"
15,"environmental science","[{""id"": 35, ""name"": ""bachelor of science""}]","degree","2023-01-11 16:31:26.748854+00"
16,"industrial engineering and management","[{""id"": 37, ""name"": ""bachelor of technology""}, {""id"": 17, ""name"": ""bachelor of engineering""}]","degree","2023-01-11 16:31:26.75053+00"
17,"industrial production","null","degree","2023-01-11 16:31:26.75214+00"
18,"electronics and communication engineering","[{""id"": 64, ""name"": ""iti""}]","iti","2023-01-11 16:31:26.75381+00"
19,"medical electronics","[{""id"": 17, ""name"": ""bachelor of engineering""}, {""id"": 37, ""name"": ""bachelor of technology""}]","degree","2023-01-11 16:31:26.755476+00"
21,"mining engineering","[{""id"": 76, ""name"": ""master of engineering""}, {""id"": 91, ""name"": ""master of technology""}]","masters","2023-01-11 16:31:26.758754+00"
22,"mechatronics engineering","[{""id"": 17, ""name"": ""bachelor of engineering""}, {""id"": 37, ""name"": ""bachelor of technology""}]","degree","2023-01-11 16:31:26.760408+00"
23,"investment management","[{""id"": 68, ""name"": ""master of business administration""}]","masters","2023-01-11 16:31:26.762043+00"
24,"polymer science and technology","[{""id"": 37, ""name"": ""bachelor of technology""}, {""id"": 17, ""name"": ""bachelor of engineering""}]","degree","2023-01-11 16:31:26.763699+00"
25,"automation and robotics","[{""id"": 17, ""name"": ""bachelor of engineering""}, {""id"": 37, ""name"": ""bachelor of technology""}]","degree","2023-01-11 16:31:26.765349+00"
26,"aerospace engineering","[{""id"": 17, ""name"": ""bachelor of engineering""}, {""id"": 37, ""name"": ""bachelor of technology""}]","degree","2023-01-11 16:31:26.766986+00"
27,"clinical embryology with pre implantation genetics","[{""id"": 57, ""name"": ""master of science""}]","masters","2023-01-11 16:31:26.768578+00"
28,"pharma analytical sciences","[{""id"": 45, ""name"": ""bachelor of vocation""}]","degree","2023-01-11 16:31:26.770173+00"
29,"medical physiotherapy","[{""id"": 33, ""name"": ""bachelor of physiotherapy""}]","degree","2023-01-11 16:31:26.771808+00"
31,"pulp and paper technology","[{""id"": 76, ""name"": ""master of engineering""}, {""id"": 91, ""name"": ""master of technology""}]","masters","2023-01-11 16:31:26.775032+00"
32,"pme (physics maths electronics)","null","degree","2023-01-11 16:31:26.77668+00"
33,"pmcs (physics mathematics and computer science)","null","degree","2023-01-11 16:31:26.778317+00"
34,"chemistry botany and zoology","[{""id"": 35, ""name"": ""bachelor of science"", ""created"": ""2023-01-11T16:34:38.660955Z"", ""details"": {""shortname"": ""b sc"", ""qualification_type"": {""id"": 3, ""name"": ""degree""}}, ""updated"": ""2023-01-11T16:34:38.660955Z"", ""priority"": true}]","degree","2023-01-11 16:31:26.779916+00"
35,"biotechnology","[{""id"": 35, ""name"": ""bachelor of science""}]","degree","2023-01-11 16:31:26.781499+00"
36,"microbiology","[{""id"": 35, ""name"": ""bachelor of science"", ""created"": ""2023-01-11T16:34:38.660955Z"", ""details"": {""shortname"": ""b sc"", ""qualification_type"": {""id"": 3, ""name"": ""degree""}}, ""updated"": ""2023-01-11T16:34:38.660955Z"", ""priority"": true}]","degree","2023-01-11 16:31:26.783115+00"
37,"information technology","[{""id"": 17, ""name"": ""bachelor of engineering""}, {""id"": 37, ""name"": ""bachelor of technology""}]","degree","2023-01-11 16:31:26.784708+00"
38,"renewable energy technology","[{""id"": 45, ""name"": ""bachelor of vocation""}]","degree","2023-01-11 16:31:26.786308+00"
39,"accounting and mathematics","[{""id"": 10, ""name"": ""bachelor of commerce"", ""created"": ""2023-01-11T16:34:38.619095Z"", ""details"": {""shortname"": ""b com"", ""qualification_type"": {""id"": 3, ""name"": ""degree""}}, ""updated"": ""2023-01-11T16:34:38.619095Z"", ""priority"": true}]","degree","2023-01-11 16:31:26.787917+00"
40,"accounting and taxation","[{""id"": 10, ""name"": ""bachelor of commerce"", ""created"": ""2023-01-11T16:34:38.619095Z"", ""details"": {""shortname"": ""b com"", ""qualification_type"": {""id"": 3, ""name"": ""degree""}}, ""updated"": ""2023-01-11T16:34:38.619095Z"", ""priority"": true}]","degree","2023-01-11 16:31:26.791717+00"
41,"accounting","[{""id"": 10, ""name"": ""bachelor of commerce"", ""created"": ""2023-01-11T16:34:38.619095Z"", ""details"": {""shortname"": ""b com"", ""qualification_type"": {""id"": 3, ""name"": ""degree""}}, ""updated"": ""2023-01-11T16:34:38.619095Z"", ""priority"": true}]","degree","2023-01-11 16:31:26.793228+00"
42,"accounts and business","[{""id"": 10, ""name"": ""bachelor of commerce"", ""created"": ""2023-01-11T16:34:38.619095Z"", ""details"": {""shortname"": ""b com"", ""qualification_type"": {""id"": 3, ""name"": ""degree""}}, ""updated"": ""2023-01-11T16:34:38.619095Z"", ""priority"": true}]","degree","2023-01-11 16:31:26.794853+00"
43,"accounting and finance","[{""id"": 10, ""name"": ""bachelor of commerce"", ""created"": ""2023-01-11T16:34:38.619095Z"", ""details"": {""shortname"": ""b com"", ""qualification_type"": {""id"": 3, ""name"": ""degree""}}, ""updated"": ""2023-01-11T16:34:38.619095Z"", ""priority"": true}]","degree","2023-01-11 16:31:26.799552+00"
44,"applied geophysics","[{""id"": 103, ""name"": ""integrated master of technology""}]","degree","2023-01-11 16:31:26.801185+00"
45,"aerospace engineering","[{""id"": 35, ""name"": ""bachelor of science""}]","degree","2023-01-11 16:31:26.803334+00"
46,"agriculture","[{""id"": 98, ""name"": ""bachelor of science in agriculture"", ""created"": ""2023-03-28T11:27:27.635083Z"", ""details"": {""shortname"": ""BSCAG"", ""qualification_type"": {""id"": 3, ""name"": ""degree"", ""created"": ""2023-01-10T05:33:03.632278Z"", ""details"": {}, ""updated"": ""2023-01-10T05:33:03.632278Z"", ""priority"": true}}, ""updated"": ""2023-03-28T11:27:27.635083Z"", ""priority"": false}]","degree","2023-01-11 16:31:26.804926+00"
47,"agricultural biotechnology","[{""id"": 17, ""name"": ""bachelor of engineering""}, {""id"": 37, ""name"": ""bachelor of technology""}]","degree","2023-01-11 16:31:26.806597+00"
49,"agriculture","[{""id"": 35, ""name"": ""bachelor of science"", ""created"": ""2023-01-11T16:34:38.660955Z"", ""details"": {""shortname"": ""b sc"", ""qualification_type"": {""id"": 3, ""name"": ""degree""}}, ""updated"": ""2023-01-11T16:34:38.660955Z"", ""priority"": true}]","degree","2023-01-11 16:31:26.809782+00"
50,"actuarial management","[{""id"": 10, ""name"": ""bachelor of commerce""}]","degree","2023-01-11 16:31:26.81137+00"
51,"anaesthesia technology","[{""id"": 35, ""name"": ""bachelor of science""}]","degree","2023-01-11 16:31:26.813046+00"
52,"aircraft maintenance engineering","[{""id"": 17, ""name"": ""bachelor of engineering""}, {""id"": 37, ""name"": ""bachelor of technology""}]","degree","2023-01-11 16:31:26.817522+00"
53,"aircraft maintenance science","[{""id"": 35, ""name"": ""bachelor of science"", ""created"": ""2023-01-11T16:34:38.660955Z"", ""details"": {""shortname"": ""bsc"", ""qualification_type"": {""id"": 3, ""name"": ""degree""}}, ""updated"": ""2023-05-09T04:58:44.338501Z"", ""priority"": true}]","degree","2023-01-11 16:31:26.819367+00"
54,"public administration","[{""id"": 3, ""name"": ""bachelor of arts""}]","degree","2023-01-11 16:31:26.820957+00"
55,"pharmaceutical sciences","[{""id"": 109, ""name"": ""doctor of pharmacy""}]","degree","2023-01-11 16:31:26.822582+00"
56,"animation","[{""id"": 35, ""name"": ""bachelor of science"", ""created"": ""2023-01-11T16:34:38.660955Z"", ""details"": {""shortname"": ""b sc"", ""qualification_type"": {""id"": 3, ""name"": ""degree""}}, ""updated"": ""2023-01-11T16:34:38.660955Z"", ""priority"": true}]","degree","2023-01-11 16:31:26.824226+00"
57,"unani medicine","[{""id"": 41, ""name"": ""bachelor of unani medicine & surgery""}]","degree","2023-01-11 16:31:26.825856+00"
58,"animation and multimedia","[{""id"": 35, ""name"": ""bachelor of science"", ""created"": ""2023-01-11T16:34:38.660955Z"", ""details"": {""shortname"": ""b sc"", ""qualification_type"": {""id"": 3, ""name"": ""degree""}}, ""updated"": ""2023-01-11T16:34:38.660955Z"", ""priority"": true}]","degree","2023-01-11 16:31:26.827443+00"
59,"animation and visual effects","[{""id"": 35, ""name"": ""bachelor of science"", ""created"": ""2023-01-11T16:34:38.660955Z"", ""details"": {""shortname"": ""b sc"", ""qualification_type"": {""id"": 3, ""name"": ""degree""}}, ""updated"": ""2023-01-11T16:34:38.660955Z"", ""priority"": true}]","degree","2023-01-11 16:31:26.829214+00"
60,"optometry","[{""id"": 45, ""name"": ""bachelor of vocation""}]","degree","2023-01-11 16:31:26.831292+00"
61,"anthropology","[{""id"": 35, ""name"": ""bachelor of science"", ""created"": ""2023-01-11T16:34:38.660955Z"", ""details"": {""shortname"": ""b sc"", ""qualification_type"": {""id"": 3, ""name"": ""degree""}}, ""updated"": ""2023-01-11T16:34:38.660955Z"", ""priority"": true}]","degree","2023-01-11 16:31:26.832932+00"
62,"fashion and apparel design","[{""id"": 35, ""name"": ""bachelor of science"", ""created"": ""2023-01-11T16:34:38.660955Z"", ""details"": {""shortname"": ""b sc"", ""qualification_type"": {""id"": 3, ""name"": ""degree""}}, ""updated"": ""2023-01-11T16:34:38.660955Z"", ""priority"": true}]","degree","2023-01-11 16:31:26.834764+00"
63,"urban and regional planning","[{""id"": 2, ""name"": ""bachelor of architecture""}]","degree","2023-01-11 16:31:26.836512+00"
64,"business analytics","[{""id"": 99, ""name"": ""bachelor of management studies""}]","degree","2023-01-11 16:31:26.838099+00"
65,"marine sciences","[{""id"": 35, ""name"": ""bachelor of science""}]","degree","2023-01-11 16:31:26.839957+00"
66,"genetic engineering","[{""id"": 57, ""name"": ""master of science""}]","masters","2023-01-11 16:31:26.841582+00"
67,"applied electronics","[{""id"": 35, ""name"": ""bachelor of science"", ""created"": ""2023-01-11T16:34:38.660955Z"", ""details"": {""shortname"": ""b sc"", ""qualification_type"": {""id"": 3, ""name"": ""degree""}}, ""updated"": ""2023-01-11T16:34:38.660955Z"", ""priority"": true}]","degree","2023-01-11 16:31:26.843149+00"
69,"ayurvedic medicine","[{""id"": 5, ""name"": ""bachelor of ayurvedic medicine and surgery""}]","degree","2023-01-11 16:31:26.846467+00"
70,"artificial intelligence and machine learning engineering","[{""id"": 17, ""name"": ""bachelor of engineering""}, {""id"": 37, ""name"": ""bachelor of technology""}]","degree","2023-01-11 16:31:26.848097+00"
73,"automobile engineering","[{""id"": 64, ""name"": ""iti""}]","iti","2023-01-11 16:31:26.853282+00"
74,"aviation management","[{""id"": 6, ""name"": ""bachelor of business administration""}]","degree","2023-01-11 16:31:26.855257+00"
75,"renal dialysis technology","[{""id"": 35, ""name"": ""bachelor of science""}]","degree","2023-01-11 16:31:26.857232+00"
76,"molecular biology","[{""id"": 35, ""name"": ""bachelor of science""}]","degree","2023-01-11 16:31:26.859165+00"
77,"architecture","[{""id"": 17, ""name"": ""bachelor of engineering""}, {""id"": 37, ""name"": ""bachelor of technology""}]","degree","2023-01-11 16:31:26.861251+00"
78,"journalism","[{""id"": 12, ""name"": ""bachelor of communication & journalism""}]","degree","2023-01-11 16:31:26.863261+00"
79,"healthcare and medical science","[{""id"": 41, ""name"": ""bachelor of unani medicine & surgery""}]","degree","2023-01-11 16:31:26.865258+00"
80,"knitwear design","[{""id"": 15, ""name"": ""bachelor of design""}]","degree","2023-01-11 16:31:26.86721+00"
81,"home science","[{""id"": 35, ""name"": ""bachelor of science""}]","degree","2023-01-11 16:31:26.869179+00"
82,"banking and finance","[{""id"": 6, ""name"": ""bachelor of business administration""}]","degree","2023-01-11 16:31:26.87114+00"
83,"human resource management","[{""id"": 3, ""name"": ""bachelor of arts""}]","degree","2023-01-11 16:31:26.873201+00"
84,"banking and finance","[{""id"": 10, ""name"": ""bachelor of commerce"", ""created"": ""2023-01-11T16:34:38.619095Z"", ""details"": {""shortname"": ""b com"", ""qualification_type"": {""id"": 3, ""name"": ""degree""}}, ""updated"": ""2023-01-11T16:34:38.619095Z"", ""priority"": true}]","degree","2023-01-11 16:31:26.875168+00"
85,"banking and insurance","[{""id"": 10, ""name"": ""bachelor of commerce"", ""created"": ""2023-01-11T16:34:38.619095Z"", ""details"": {""shortname"": ""b com"", ""qualification_type"": {""id"": 3, ""name"": ""degree""}}, ""updated"": ""2023-01-11T16:34:38.619095Z"", ""priority"": true}]","degree","2023-01-11 16:31:26.877389+00"
86,"hospitality management","[{""id"": 45, ""name"": ""bachelor of vocation""}]","degree","2023-01-11 16:31:26.880051+00"
87,"biochemistry","[{""id"": 35, ""name"": ""bachelor of science"", ""created"": ""2023-01-11T16:34:38.660955Z"", ""details"": {""shortname"": ""bsc"", ""qualification_type"": {""id"": 3, ""name"": ""degree""}}, ""updated"": ""2023-05-09T04:58:44.338501Z"", ""priority"": true}]","degree","2023-01-11 16:31:26.881987+00"
88,"bioinformatics","[{""id"": 35, ""name"": ""bachelor of science"", ""created"": ""2023-01-11T16:34:38.660955Z"", ""details"": {""shortname"": ""b sc"", ""qualification_type"": {""id"": 3, ""name"": ""degree""}}, ""updated"": ""2023-01-11T16:34:38.660955Z"", ""priority"": true}]","degree","2023-01-11 16:31:26.883985+00"
89,"ceramic technology","[{""id"": 63, ""name"": ""diploma""}]","diploma","2023-01-11 16:31:26.886072+00"
90,"biology","[{""id"": 35, ""name"": ""bachelor of science"", ""created"": ""2023-01-11T16:34:38.660955Z"", ""details"": {""shortname"": ""b sc"", ""qualification_type"": {""id"": 3, ""name"": ""degree""}}, ""updated"": ""2023-01-11T16:34:38.660955Z"", ""priority"": true}]","degree","2023-01-11 16:31:26.887677+00"
92,"biomedical engineering","[{""id"": 17, ""name"": ""bachelor of engineering""}, {""id"": 37, ""name"": ""bachelor of technology""}]","degree","2023-01-11 16:31:26.890904+00"
93,"cardiac care technology","[{""id"": 35, ""name"": ""bachelor of science""}]","degree","2023-01-11 16:31:26.892515+00"
94,"information system management","[{""id"": 35, ""name"": ""bachelor of science""}]","degree","2023-01-11 16:31:26.894275+00"
95,"botany","[{""id"": 35, ""name"": ""bachelor of science"", ""created"": ""2023-01-11T16:34:38.660955Z"", ""details"": {""shortname"": ""b sc"", ""qualification_type"": {""id"": 3, ""name"": ""degree""}}, ""updated"": ""2023-01-11T16:34:38.660955Z"", ""priority"": true}]","degree","2023-01-11 16:31:26.895901+00"
96,"medical imaging technology","[{""id"": 35, ""name"": ""bachelor of science""}]","degree","2023-01-11 16:31:26.897618+00"
97,"materials science and engineering","[{""id"": 37, ""name"": ""bachelor of technology""}, {""id"": 17, ""name"": ""bachelor of engineering""}]","degree","2023-01-11 16:31:26.899206+00"
98,"fire and industrial safety","[{""id"": 35, ""name"": ""bachelor of science""}]","degree","2023-01-11 16:31:26.900808+00"
99,"cosmetics technology","[{""id"": 37, ""name"": ""bachelor of technology""}, {""id"": 17, ""name"": ""bachelor of engineering""}]","degree","2023-01-11 16:31:26.902399+00"
100,"bengali","[{""id"": 3, ""name"": ""bachelor of arts""}]","degree","2023-01-11 16:31:26.903993+00"
101,"pharmacy","[{""id"": 30, ""name"": ""bachelor of pharmacy"", ""created"": ""2023-01-11T16:34:38.652794Z"", ""details"": {""shortname"": ""b pharma"", ""qualification_type"": {""id"": 3, ""name"": ""degree""}}, ""updated"": ""2023-01-11T16:34:38.652794Z"", ""priority"": true}]","degree","2023-01-11 16:31:26.90562+00"
102,"business administration","[{""id"": 10, ""name"": ""bachelor of commerce"", ""created"": ""2023-01-11T16:34:38.619095Z"", ""details"": {""shortname"": ""b com"", ""qualification_type"": {""id"": 3, ""name"": ""degree""}}, ""updated"": ""2023-01-11T16:34:38.619095Z"", ""priority"": true}]","degree","2023-01-11 16:31:26.907192+00"
103,"business management","[{""id"": 6, ""name"": ""bachelor of business administration""}]","degree","2023-01-11 16:31:26.908816+00"
104,"business management","[{""id"": 10, ""name"": ""bachelor of commerce"", ""created"": ""2023-01-11T16:34:38.619095Z"", ""details"": {""shortname"": ""b com"", ""qualification_type"": {""id"": 3, ""name"": ""degree""}}, ""updated"": ""2023-01-11T16:34:38.619095Z"", ""priority"": true}]","degree","2023-01-11 16:31:26.911972+00"
105,"information technology","[{""id"": 10, ""name"": ""bachelor of commerce""}]","degree","2023-01-11 16:31:26.914208+00"
106,"precision manufacturing","[{""id"": 63, ""name"": ""diploma""}]","diploma","2023-01-11 16:31:26.916034+00"
107,"hotel management and catering science","[{""id"": 35, ""name"": ""bachelor of science"", ""created"": ""2023-01-11T16:34:38.660955Z"", ""details"": {""shortname"": ""b sc"", ""qualification_type"": {""id"": 3, ""name"": ""degree""}}, ""updated"": ""2023-01-11T16:34:38.660955Z"", ""priority"": true}]","degree","2023-01-11 16:31:26.9178+00"
108,"pharmacology","null","degree","2023-01-11 16:31:26.920168+00"
109,"ceramic technology","[{""id"": 91, ""name"": ""master of technology""}, {""id"": 76, ""name"": ""master of engineering""}]","masters","2023-01-11 16:31:26.921982+00"
110,"ceramic technology","[{""id"": 17, ""name"": ""bachelor of engineering""}, {""id"": 37, ""name"": ""bachelor of technology""}]","degree","2023-01-11 16:31:26.923755+00"
111,"chemical engineering","[{""id"": 17, ""name"": ""bachelor of engineering""}, {""id"": 37, ""name"": ""bachelor of technology""}]","degree","2023-01-11 16:31:26.925451+00"
112,"chemistry","[{""id"": 35, ""name"": ""bachelor of science"", ""created"": ""2023-01-11T16:34:38.660955Z"", ""details"": {""shortname"": ""b sc"", ""qualification_type"": {""id"": 3, ""name"": ""degree""}}, ""updated"": ""2023-01-11T16:34:38.660955Z"", ""priority"": true}]","degree","2023-01-11 16:31:26.927124+00"
113,"business management","[{""id"": 3, ""name"": ""bachelor of arts""}]","degree","2023-01-11 16:31:26.928804+00"
114,"aviation and tourism management","[{""id"": 63, ""name"": ""diploma""}]","diploma","2023-01-11 16:31:26.930483+00"
115,"plant biology and plant biotechnology","[{""id"": 35, ""name"": ""bachelor of science""}]","degree","2023-01-11 16:31:26.932098+00"
116,"biotechnology botany and  chemistry","[{""id"": 35, ""name"": ""bachelor of science""}]","degree","2023-01-11 16:31:26.933702+00"
117,"optometry","[{""id"": 101, ""name"": ""bachelor of optometry""}]","degree","2023-01-11 16:31:26.935276+00"
118,"clinical nutrition","[{""id"": 35, ""name"": ""bachelor of science""}]","degree","2023-01-11 16:31:26.936873+00"
119,"biotechnology","[{""id"": 103, ""name"": ""integrated master of technology""}]","degree","2023-01-11 16:31:26.938475+00"
120,"mathematics","[{""id"": 16, ""name"": ""bachelor of education""}]","degree","2023-01-11 16:31:26.940064+00"
121,"financial management","[{""id"": 113, ""name"": ""bachelor in financial management""}]","degree","2023-01-11 16:31:26.941656+00"
122,"nanoscience and technology","[{""id"": 35, ""name"": ""bachelor of science""}]","degree","2023-01-11 16:31:26.943235+00"
123,"civil engineering","[{""id"": 17, ""name"": ""bachelor of engineering""}, {""id"": 37, ""name"": ""bachelor of technology""}]","degree","2023-01-11 16:31:26.944831+00"
124,"aircraft maintenance engineering","[{""id"": 63, ""name"": ""diploma""}]","diploma","2023-01-11 16:31:26.946418+00"
125,"cloud technology and information security","[{""id"": 13, ""name"": ""bachelor of computer application""}]","degree","2023-01-11 16:31:26.948005+00"
126,"optometry","[{""id"": 35, ""name"": ""bachelor of science""}]","degree","2023-01-11 16:31:26.949599+00"
127,"commerce","[{""id"": 10, ""name"": ""bachelor of commerce""}]","degree","2023-01-11 16:31:26.951183+00"
128,"computer applications","[{""id"": 6, ""name"": ""bachelor of business administration""}]","degree","2023-01-11 16:31:26.952786+00"
129,"information and communication technology","[{""id"": 17, ""name"": ""bachelor of engineering""}, {""id"": 37, ""name"": ""bachelor of technology""}]","degree","2023-01-11 16:31:26.954409+00"
131,"computer science and business systems","[{""id"": 37, ""name"": ""bachelor of technology""}, {""id"": 17, ""name"": ""bachelor of engineering""}]","degree","2023-01-11 16:31:26.9576+00"
132,"information technology","[{""id"": 35, ""name"": ""bachelor of science"", ""created"": ""2023-01-11T16:34:38.660955Z"", ""details"": {""shortname"": ""b sc"", ""qualification_type"": {""id"": 3, ""name"": ""degree""}}, ""updated"": ""2023-01-11T16:34:38.660955Z"", ""priority"": true}]","degree","2023-01-11 16:31:26.959171+00"
133,"islamic studies","[{""id"": 3, ""name"": ""bachelor of arts""}]","degree","2023-01-11 16:31:26.960795+00"
134,"community science","[{""id"": 35, ""name"": ""bachelor of science""}]","degree","2023-01-11 16:31:26.962398+00"
136,"dairy science","[{""id"": 57, ""name"": ""master of science""}]","masters","2023-01-11 16:31:26.965568+00"
137,"computer applications","[{""id"": 10, ""name"": ""bachelor of commerce"", ""created"": ""2023-01-11T16:34:38.619095Z"", ""details"": {""shortname"": ""b com"", ""qualification_type"": {""id"": 3, ""name"": ""degree""}}, ""updated"": ""2023-01-11T16:34:38.619095Z"", ""priority"": true}]","degree","2023-01-11 16:31:26.967144+00"
138,"computer engineering","[{""id"": 17, ""name"": ""bachelor of engineering""}, {""id"": 37, ""name"": ""bachelor of technology""}]","degree","2023-01-11 16:31:26.96874+00"
139,"industrial tool manufacturing","[{""id"": 45, ""name"": ""bachelor of vocation""}]","degree","2023-01-11 16:31:26.970321+00"
140,"micro wave and radar engineering","[{""id"": 91, ""name"": ""master of technology""}, {""id"": 76, ""name"": ""master of engineering""}]","masters","2023-01-11 16:31:26.971906+00"
141,"mathematics","[{""id"": 87, ""name"": ""master of philosophy""}]","masters","2023-01-11 16:31:26.973515+00"
142,"statistics","[{""id"": 35, ""name"": ""bachelor of science""}]","degree","2023-01-11 16:31:26.975624+00"
143,"investment management","[{""id"": 10, ""name"": ""bachelor of commerce""}]","degree","2023-01-11 16:31:26.977206+00"
144,"interior design","[{""id"": 15, ""name"": ""bachelor of design""}]","degree","2023-01-11 16:31:26.978786+00"
146,"construction technology and management","[{""id"": 35, ""name"": ""bachelor of science"", ""created"": ""2023-01-11T16:34:38.660955Z"", ""details"": {""shortname"": ""b sc"", ""qualification_type"": {""id"": 3, ""name"": ""degree""}}, ""updated"": ""2023-01-11T16:34:38.660955Z"", ""priority"": true}]","degree","2023-01-11 16:31:26.981959+00"
147,"corporate secretaryship","[{""id"": 10, ""name"": ""bachelor of commerce"", ""created"": ""2023-01-11T16:34:38.619095Z"", ""details"": {""shortname"": ""b com"", ""qualification_type"": {""id"": 3, ""name"": ""degree""}}, ""updated"": ""2023-01-11T16:34:38.619095Z"", ""priority"": true}]","degree","2023-01-11 16:31:26.983543+00"
148,"manufacturing science and engineering","[{""id"": 76, ""name"": ""master of engineering""}, {""id"": 91, ""name"": ""master of technology""}]","masters","2023-01-11 16:31:26.985132+00"
149,"media management","[{""id"": 68, ""name"": ""master of business administration""}]","masters","2023-01-11 16:31:26.98673+00"
150,"costume design and fashion","[{""id"": 35, ""name"": ""bachelor of science"", ""created"": ""2023-01-11T16:34:38.660955Z"", ""details"": {""shortname"": ""b sc"", ""qualification_type"": {""id"": 3, ""name"": ""degree""}}, ""updated"": ""2023-01-11T16:34:38.660955Z"", ""priority"": true}]","degree","2023-01-11 16:31:26.988318+00"
151,"cyber security","[{""id"": 17, ""name"": ""bachelor of engineering""}, {""id"": 37, ""name"": ""bachelor of technology""}]","degree","2023-01-11 16:31:26.989904+00"
152,"dairy technology","[{""id"": 37, ""name"": ""bachelor of technology""}, {""id"": 17, ""name"": ""bachelor of engineering""}]","degree","2023-01-11 16:31:26.991492+00"
153,"data analytics","[{""id"": 68, ""name"": ""master of business administration""}]","masters","2023-01-11 16:31:26.993084+00"
154,"data science","[{""id"": 17, ""name"": ""bachelor of engineering""}, {""id"": 37, ""name"": ""bachelor of technology""}]","degree","2023-01-11 16:31:26.994685+00"
155,"fine arts","[{""id"": 63, ""name"": ""diploma""}]","diploma","2023-01-11 16:31:26.996272+00"
156,"computer and communication engineering","[{""id"": 17, ""name"": ""bachelor of engineering""}, {""id"": 37, ""name"": ""bachelor of technology""}]","degree","2023-01-11 16:31:26.997863+00"
157,"water resources engineering","[{""id"": 91, ""name"": ""master of technology""}, {""id"": 76, ""name"": ""master of engineering""}]","masters","2023-01-11 16:31:26.999453+00"
158,"marketing","[{""id"": 99, ""name"": ""bachelor of management studies""}]","degree","2023-01-11 16:31:27.001062+00"
159,"computer engineering and it infrastructure","[{""id"": 45, ""name"": ""bachelor of vocation""}]","degree","2023-01-11 16:31:27.002662+00"
160,"digital techniques for design and planning","[{""id"": 17, ""name"": ""bachelor of engineering""}, {""id"": 37, ""name"": ""bachelor of technology""}]","degree","2023-01-11 16:31:27.004284+00"
161,"business process and data analytics","[{""id"": 45, ""name"": ""bachelor of vocation""}]","degree","2023-01-11 16:31:27.005872+00"
162,"petrochemical engineering","[{""id"": 37, ""name"": ""bachelor of technology""}, {""id"": 17, ""name"": ""bachelor of engineering""}]","degree","2023-01-11 16:31:27.007455+00"
163,"ecommerce","[{""id"": 10, ""name"": ""bachelor of commerce"", ""created"": ""2023-01-11T16:34:38.619095Z"", ""details"": {""shortname"": ""b com"", ""qualification_type"": {""id"": 3, ""name"": ""degree""}}, ""updated"": ""2023-01-11T16:34:38.619095Z"", ""priority"": true}]","degree","2023-01-11 16:31:27.009041+00"
164,"cyber and digital science","[{""id"": 35, ""name"": ""bachelor of science""}]","degree","2023-01-11 16:31:27.010642+00"
165,"economics","[{""id"": 3, ""name"": ""bachelor of arts"", ""created"": ""2023-01-11T16:34:38.605109Z"", ""details"": {""shortname"": ""ba"", ""qualification_type"": {""id"": 3, ""name"": ""degree""}}, ""updated"": ""2023-01-11T16:34:38.605109Z"", ""priority"": true}]","degree","2023-01-11 16:31:27.012257+00"
166,"economics","[{""id"": 35, ""name"": ""bachelor of science""}]","degree","2023-01-11 16:31:27.013847+00"
167,"sociology","[{""id"": 55, ""name"": ""master of arts""}]","masters","2023-01-11 16:31:27.015434+00"
168,"mathematics and computing","[{""id"": 17, ""name"": ""bachelor of engineering""}, {""id"": 37, ""name"": ""bachelor of technology""}]","degree","2023-01-11 16:31:27.017029+00"
169,"electrical and electronics engineering","[{""id"": 17, ""name"": ""bachelor of engineering""}, {""id"": 37, ""name"": ""bachelor of technology""}]","degree","2023-01-11 16:31:27.018646+00"
170,"electrical engineering","[{""id"": 17, ""name"": ""bachelor of engineering""}, {""id"": 37, ""name"": ""bachelor of technology""}]","degree","2023-01-11 16:31:27.020229+00"
171,"actuarial mathematics science","[{""id"": 35, ""name"": ""bachelor of science""}]","degree","2023-01-11 16:31:27.021811+00"
172,"renewable energy","[{""id"": 91, ""name"": ""master of technology""}, {""id"": 76, ""name"": ""master of engineering""}]","masters","2023-01-11 16:31:27.023398+00"
173,"electronics","[{""id"": 35, ""name"": ""bachelor of science"", ""created"": ""2023-01-11T16:34:38.660955Z"", ""details"": {""shortname"": ""b sc"", ""qualification_type"": {""id"": 3, ""name"": ""degree""}}, ""updated"": ""2023-01-11T16:34:38.660955Z"", ""priority"": true}]","degree","2023-01-11 16:31:27.024988+00"
175,"defence and strategic studies","[{""id"": 55, ""name"": ""master of arts""}]","masters","2023-01-11 16:31:27.028665+00"
176,"electronics and communication engineering","[{""id"": 17, ""name"": ""bachelor of engineering""}, {""id"": 37, ""name"": ""bachelor of technology""}]","degree","2023-01-11 16:31:27.030248+00"
177,"electronics and computer engineering","[{""id"": 17, ""name"": ""bachelor of engineering""}, {""id"": 37, ""name"": ""bachelor of technology""}]","degree","2023-01-11 16:31:27.031835+00"
178,"anthropology","[{""id"": 55, ""name"": ""master of arts""}]","masters","2023-01-11 16:31:27.033424+00"
179,"business administration","[{""id"": 6, ""name"": ""bachelor of business administration""}]","degree","2023-01-11 16:31:27.035014+00"
180,"electronics and instrumentation engineering","[{""id"": 17, ""name"": ""bachelor of engineering""}, {""id"": 37, ""name"": ""bachelor of technology""}]","degree","2023-01-11 16:31:27.036621+00"
181,"electronics communication and instrumentation engineering","[{""id"": 37, ""name"": ""bachelor of technology""}, {""id"": 17, ""name"": ""bachelor of engineering""}]","degree","2023-01-11 16:31:27.038205+00"
182,"international business management","[{""id"": 57, ""name"": ""master of science""}]","masters","2023-01-11 16:31:27.039787+00"
183,"tamil","[{""id"": 55, ""name"": ""master of arts""}]","masters","2023-01-11 16:31:27.041385+00"
184,"physics and mathematics","[{""id"": 35, ""name"": ""bachelor of science""}]","degree","2023-01-11 16:31:27.042964+00"
185,"electronics and telecommunications engineering","[{""id"": 17, ""name"": ""bachelor of engineering""}, {""id"": 37, ""name"": ""bachelor of technology""}]","degree","2023-01-11 16:31:27.044555+00"
188,"electronics and telecommunication","[{""id"": 35, ""name"": ""bachelor of science""}]","degree","2023-01-11 16:31:27.049311+00"
189,"mathematics electronics and computer science","[{""id"": 35, ""name"": ""bachelor of science"", ""created"": ""2023-01-11T16:34:38.660955Z"", ""details"": {""shortname"": ""bsc"", ""qualification_type"": {""id"": 3, ""name"": ""degree""}}, ""updated"": ""2023-05-09T04:58:44.338501Z"", ""priority"": true}]","degree","2023-01-11 16:31:27.050895+00"
190,"computer science","[{""id"": 121, ""name"": ""master of computer science""}]","masters","2023-01-11 16:31:27.052488+00"
191,"marine hospitality science","[{""id"": 35, ""name"": ""bachelor of science""}]","degree","2023-01-11 16:31:27.054072+00"
192,"biophysics","[{""id"": 35, ""name"": ""bachelor of science""}]","degree","2023-01-11 16:31:27.05566+00"
193,"english","[{""id"": 3, ""name"": ""bachelor of arts"", ""created"": ""2023-01-11T16:34:38.605109Z"", ""details"": {""shortname"": ""ba"", ""qualification_type"": {""id"": 3, ""name"": ""degree""}}, ""updated"": ""2023-01-11T16:34:38.605109Z"", ""priority"": true}]","degree","2023-01-11 16:31:27.057248+00"
194,"automotive engineering","[{""id"": 91, ""name"": ""master of technology""}, {""id"": 76, ""name"": ""master of engineering""}]","masters","2023-01-11 16:31:27.058849+00"
195,"information systems","[{""id"": 68, ""name"": ""master of business administration""}]","masters","2023-01-11 16:31:27.060438+00"
196,"technology management","[{""id"": 68, ""name"": ""master of business administration""}]","masters","2023-01-11 16:31:27.062061+00"
197,"english literature","[{""id"": 3, ""name"": ""bachelor of arts"", ""created"": ""2023-01-11T16:34:38.605109Z"", ""details"": {""shortname"": ""ba"", ""qualification_type"": {""id"": 3, ""name"": ""degree""}}, ""updated"": ""2023-01-11T16:34:38.605109Z"", ""priority"": true}]","degree","2023-01-11 16:31:27.063644+00"
198,"english","[{""id"": 16, ""name"": ""bachelor of education""}]","degree","2023-01-11 16:31:27.06524+00"
199,"environmental engineering","[{""id"": 17, ""name"": ""bachelor of engineering""}, {""id"": 37, ""name"": ""bachelor of technology""}]","degree","2023-01-11 16:31:27.066835+00"
200,"communication and networking","[{""id"": 76, ""name"": ""master of engineering""}, {""id"": 91, ""name"": ""master of technology""}]","masters","2023-01-11 16:31:27.068428+00"
201,"criminology and criminal justice","[{""id"": 57, ""name"": ""master of science""}]","masters","2023-01-11 16:31:27.070011+00"
202,"apparel production management","[{""id"": 37, ""name"": ""bachelor of technology""}, {""id"": 17, ""name"": ""bachelor of engineering""}]","degree","2023-01-11 16:31:27.0716+00"
203,"software engineering","[{""id"": 17, ""name"": ""bachelor of engineering""}, {""id"": 37, ""name"": ""bachelor of technology""}]","degree","2023-01-11 16:31:27.073177+00"
204,"finance","[{""id"": 10, ""name"": ""bachelor of commerce"", ""created"": ""2023-01-11T16:34:38.619095Z"", ""details"": {""shortname"": ""b com"", ""qualification_type"": {""id"": 3, ""name"": ""degree""}}, ""updated"": ""2023-01-11T16:34:38.619095Z"", ""priority"": true}]","degree","2023-01-11 16:31:27.074765+00"
205,"financial accounting","[{""id"": 10, ""name"": ""bachelor of commerce"", ""created"": ""2023-01-11T16:34:38.619095Z"", ""details"": {""shortname"": ""b com"", ""qualification_type"": {""id"": 3, ""name"": ""degree""}}, ""updated"": ""2023-01-11T16:34:38.619095Z"", ""priority"": true}]","degree","2023-01-11 16:31:27.076357+00"
206,"finance","[{""id"": 6, ""name"": ""bachelor of business administration""}]","degree","2023-01-11 16:31:27.077945+00"
207,"solar energy","[{""id"": 45, ""name"": ""bachelor of vocation""}]","degree","2023-01-11 16:31:27.079526+00"
208,"control systems","[{""id"": 91, ""name"": ""master of technology""}, {""id"": 76, ""name"": ""master of engineering""}]","masters","2023-01-11 16:31:27.081157+00"
209,"fire and safety engineering","[{""id"": 63, ""name"": ""diploma""}]","diploma","2023-01-11 16:31:27.082755+00"
210,"fisheries","[{""id"": 20, ""name"": ""bachelor of fisheries science""}]","degree","2023-01-11 16:31:27.084344+00"
211,"food technology","[{""id"": 17, ""name"": ""bachelor of engineering""}, {""id"": 37, ""name"": ""bachelor of technology""}]","degree","2023-01-11 16:31:27.085928+00"
212,"food science and nutrition","[{""id"": 35, ""name"": ""bachelor of science"", ""created"": ""2023-01-11T16:34:38.660955Z"", ""details"": {""shortname"": ""b sc"", ""qualification_type"": {""id"": 3, ""name"": ""degree""}}, ""updated"": ""2023-01-11T16:34:38.660955Z"", ""priority"": true}]","degree","2023-01-11 16:31:27.087509+00"
213,"food technology","[{""id"": 35, ""name"": ""bachelor of science"", ""created"": ""2023-01-11T16:34:38.660955Z"", ""details"": {""shortname"": ""b sc"", ""qualification_type"": {""id"": 3, ""name"": ""degree""}}, ""updated"": ""2023-01-11T16:34:38.660955Z"", ""priority"": true}]","degree","2023-01-11 16:31:27.089093+00"
214,"music","[{""id"": 3, ""name"": ""bachelor of arts""}]","degree","2023-01-11 16:31:27.090706+00"
215,"foreign trade management","[{""id"": 10, ""name"": ""bachelor of commerce"", ""created"": ""2023-01-11T16:34:38.619095Z"", ""details"": {""shortname"": ""b com"", ""qualification_type"": {""id"": 3, ""name"": ""degree""}}, ""updated"": ""2023-01-11T16:34:38.619095Z"", ""priority"": true}]","degree","2023-01-11 16:31:27.092324+00"
216,"forensic science","[{""id"": 35, ""name"": ""bachelor of science"", ""created"": ""2023-01-11T16:34:38.660955Z"", ""details"": {""shortname"": ""b sc"", ""qualification_type"": {""id"": 3, ""name"": ""degree""}}, ""updated"": ""2023-01-11T16:34:38.660955Z"", ""priority"": true}]","degree","2023-01-11 16:31:27.093907+00"
217,"general science","[{""id"": 35, ""name"": ""bachelor of science"", ""created"": ""2023-01-11T16:34:38.660955Z"", ""details"": {""shortname"": ""b sc"", ""qualification_type"": {""id"": 3, ""name"": ""degree""}}, ""updated"": ""2023-01-11T16:34:38.660955Z"", ""priority"": true}]","degree","2023-01-11 16:31:27.095489+00"
218,"retail management","[{""id"": 35, ""name"": ""bachelor of science""}]","degree","2023-01-11 16:31:27.097077+00"
219,"geography","[{""id"": 35, ""name"": ""bachelor of science"", ""created"": ""2023-01-11T16:34:38.660955Z"", ""details"": {""shortname"": ""bsc"", ""qualification_type"": {""id"": 3, ""name"": ""degree""}}, ""updated"": ""2023-05-09T04:58:44.338501Z"", ""priority"": true}]","degree","2023-01-11 16:31:27.098659+00"
220,"geography","[{""id"": 3, ""name"": ""bachelor of arts"", ""created"": ""2023-01-11T16:34:38.605109Z"", ""details"": {""shortname"": ""ba"", ""qualification_type"": {""id"": 3, ""name"": ""degree""}}, ""updated"": ""2023-01-11T16:34:38.605109Z"", ""priority"": true}]","degree","2023-01-11 16:31:27.100249+00"
221,"geology","[{""id"": 35, ""name"": ""bachelor of science"", ""created"": ""2023-01-11T16:34:38.660955Z"", ""details"": {""shortname"": ""b sc"", ""qualification_type"": {""id"": 3, ""name"": ""degree""}}, ""updated"": ""2023-01-11T16:34:38.660955Z"", ""priority"": true}]","degree","2023-01-11 16:31:27.101842+00"
222,"vehicle engineering","[{""id"": 57, ""name"": ""master of science""}]","masters","2023-01-11 16:31:27.10343+00"
223,"allied health science","[{""id"": 35, ""name"": ""bachelor of science""}]","degree","2023-01-11 16:31:27.105011+00"
224,"retail management","[{""id"": 57, ""name"": ""master of science""}]","masters","2023-01-11 16:31:27.106593+00"
225,"echocardiography","[{""id"": 57, ""name"": ""master of science""}]","masters","2023-01-11 16:31:27.108183+00"
226,"hindi","[{""id"": 3, ""name"": ""bachelor of arts"", ""created"": ""2023-01-11T16:34:38.605109Z"", ""details"": {""shortname"": ""ba"", ""qualification_type"": {""id"": 3, ""name"": ""degree""}}, ""updated"": ""2023-01-11T16:34:38.605109Z"", ""priority"": true}]","degree","2023-01-11 16:31:27.109766+00"
227,"history","[{""id"": 3, ""name"": ""bachelor of arts"", ""created"": ""2023-01-11T16:34:38.605109Z"", ""details"": {""shortname"": ""ba"", ""qualification_type"": {""id"": 3, ""name"": ""degree""}}, ""updated"": ""2023-01-11T16:34:38.605109Z"", ""priority"": true}]","degree","2023-01-11 16:31:27.111353+00"
228,"animation","[{""id"": 19, ""name"": ""bachelor of fine arts""}]","degree","2023-01-11 16:31:27.112935+00"
229,"economics","[{""id"": 16, ""name"": ""bachelor of education""}]","degree","2023-01-11 16:31:27.114515+00"
230,"radiology and imaging technology","[{""id"": 35, ""name"": ""bachelor of science""}]","degree","2023-01-11 16:31:27.116101+00"
231,"computer science and engineering","[{""id"": 37, ""name"": ""bachelor of technology""}, {""id"": 17, ""name"": ""bachelor of engineering""}]","degree","2023-01-11 16:31:27.117684+00"
232,"history economics politics","null","degree","2023-01-11 16:31:27.11926+00"
233,"honours","null","degree","2023-01-11 16:31:27.120852+00"
234,"honours in agriculture","null","degree","2023-01-11 16:31:27.122459+00"
235,"horticulture","[{""id"": 35, ""name"": ""bachelor of science"", ""created"": ""2023-01-11T16:34:38.660955Z"", ""details"": {""shortname"": ""bsc"", ""qualification_type"": {""id"": 3, ""name"": ""degree""}}, ""updated"": ""2023-05-09T04:58:44.338501Z"", ""priority"": true}]","degree","2023-01-11 16:31:27.124045+00"
236,"hospitality","null","degree","2023-01-11 16:31:27.125627+00"
237,"hospitality and event managment","null","degree","2023-01-11 16:31:27.127212+00"
238,"hospitality management","[{""id"": 35, ""name"": ""bachelor of science"", ""created"": ""2023-01-11T16:34:38.660955Z"", ""details"": {""shortname"": ""b sc"", ""qualification_type"": {""id"": 3, ""name"": ""degree""}}, ""updated"": ""2023-01-11T16:34:38.660955Z"", ""priority"": true}]","degree","2023-01-11 16:31:27.128805+00"
239,"hotel management","[{""id"": 35, ""name"": ""bachelor of science"", ""created"": ""2023-01-11T16:34:38.660955Z"", ""details"": {""shortname"": ""b sc"", ""qualification_type"": {""id"": 3, ""name"": ""degree""}}, ""updated"": ""2023-01-11T16:34:38.660955Z"", ""priority"": true}]","degree","2023-01-11 16:31:27.130389+00"
240,"hotel management and catering technology","[{""id"": 35, ""name"": ""bachelor of science"", ""created"": ""2023-01-11T16:34:38.660955Z"", ""details"": {""shortname"": ""b sc"", ""qualification_type"": {""id"": 3, ""name"": ""degree""}}, ""updated"": ""2023-01-11T16:34:38.660955Z"", ""priority"": true}]","degree","2023-01-11 16:31:27.131978+00"
241,"hr","null","degree","2023-01-11 16:31:27.133608+00"
242,"hr and finance","null","degree","2023-01-11 16:31:27.135179+00"
243,"hr and it","null","degree","2023-01-11 16:31:27.136771+00"
244,"hr and management","null","degree","2023-01-11 16:31:27.13835+00"
245,"marketing","[{""id"": 6, ""name"": ""bachelor of business administration""}]","degree","2023-01-11 16:31:27.139935+00"
246,"human resource management","[{""id"": 8, ""name"": ""bachelor of business management""}]","degree","2023-01-11 16:31:27.141519+00"
247,"humanities","null","degree","2023-01-11 16:31:27.143136+00"
248,"income tax","null","degree","2023-01-11 16:31:27.144746+00"
249,"industrial science","[{""id"": 35, ""name"": ""bachelor of science"", ""created"": ""2023-01-11T16:34:38.660955Z"", ""details"": {""shortname"": ""b sc"", ""qualification_type"": {""id"": 3, ""name"": ""degree""}}, ""updated"": ""2023-01-11T16:34:38.660955Z"", ""priority"": true}]","degree","2023-01-11 16:31:27.146325+00"
251,"industrial production engineering","[{""id"": 17, ""name"": ""bachelor of engineering""}, {""id"": 37, ""name"": ""bachelor of technology""}]","degree","2023-01-11 16:31:27.149497+00"
252,"automobile technology","[{""id"": 35, ""name"": ""bachelor of science""}]","degree","2023-01-11 16:31:27.151078+00"
253,"industrial chemistry","[{""id"": 35, ""name"": ""bachelor of science"", ""created"": ""2023-01-11T16:34:38.660955Z"", ""details"": {""shortname"": ""b sc"", ""qualification_type"": {""id"": 3, ""name"": ""degree""}}, ""updated"": ""2023-01-11T16:34:38.660955Z"", ""priority"": true}]","degree","2023-01-11 16:31:27.152674+00"
254,"industrial design","null","degree","2023-01-11 16:31:27.154307+00"
255,"industrial engineer and management","null","degree","2023-01-11 16:31:27.1559+00"
256,"industry integrated","null","degree","2023-01-11 16:31:27.157487+00"
257,"information security","null","degree","2023-01-11 16:31:27.159566+00"
258,"management and information technology","[{""id"": 35, ""name"": ""bachelor of science"", ""created"": ""2023-01-11T16:34:38.660955Z"", ""details"": {""shortname"": ""b sc"", ""qualification_type"": {""id"": 3, ""name"": ""degree""}}, ""updated"": ""2023-01-11T16:34:38.660955Z"", ""priority"": true}]","degree","2023-01-11 16:31:27.161144+00"
260,"instrumentation and control engineering","[{""id"": 37, ""name"": ""bachelor of technology""}, {""id"": 17, ""name"": ""bachelor of engineering""}]","degree","2023-01-11 16:31:27.164384+00"
261,"bengali","[{""id"": 16, ""name"": ""bachelor of education""}]","degree","2023-01-11 16:31:27.165965+00"
263,"paper technology","[{""id"": 63, ""name"": ""diploma""}]","diploma","2023-01-11 16:31:27.169135+00"
264,"visual communication","[{""id"": 57, ""name"": ""master of science""}]","masters","2023-01-11 16:31:27.170713+00"
265,"interior designing","[{""id"": 35, ""name"": ""bachelor of science"", ""created"": ""2023-01-11T16:34:38.660955Z"", ""details"": {""shortname"": ""b sc"", ""qualification_type"": {""id"": 3, ""name"": ""degree""}}, ""updated"": ""2023-01-11T16:34:38.660955Z"", ""priority"": true}]","degree","2023-01-11 16:31:27.172299+00"
266,"stem cell science and technologies","[{""id"": 57, ""name"": ""master of science""}]","masters","2023-01-11 16:31:27.173885+00"
267,"internet of things","[{""id"": 17, ""name"": ""bachelor of engineering""}, {""id"": 37, ""name"": ""bachelor of technology""}]","degree","2023-01-11 16:31:27.175466+00"
268,"jewellery designing","[{""id"": 35, ""name"": ""bachelor of science"", ""created"": ""2023-01-11T16:34:38.660955Z"", ""details"": {""shortname"": ""b sc"", ""qualification_type"": {""id"": 3, ""name"": ""degree""}}, ""updated"": ""2023-01-11T16:34:38.660955Z"", ""priority"": true}]","degree","2023-01-11 16:31:27.177049+00"
269,"journalism","[{""id"": 100, ""name"": ""bachelor of mass media"", ""created"": ""2023-05-22T10:09:43.387689Z"", ""details"": {""shortname"": ""BMM"", ""qualification_type"": {""id"": 3, ""name"": ""degree"", ""created"": ""2023-01-10T05:33:03.632278Z"", ""details"": {}, ""updated"": ""2023-01-10T05:33:03.632278Z"", ""priority"": true}}, ""updated"": ""2023-05-22T10:09:43.387689Z"", ""priority"": false}]","degree","2023-01-11 16:31:27.178635+00"
270,"leather technology","[{""id"": 37, ""name"": ""bachelor of technology""}, {""id"": 17, ""name"": ""bachelor of engineering""}]","degree","2023-01-11 16:31:27.180223+00"
271,"life science","[{""id"": 35, ""name"": ""bachelor of science"", ""created"": ""2023-01-11T16:34:38.660955Z"", ""details"": {""shortname"": ""b sc"", ""qualification_type"": {""id"": 3, ""name"": ""degree""}}, ""updated"": ""2023-01-11T16:34:38.660955Z"", ""priority"": true}]","degree","2023-01-11 16:31:27.181807+00"
272,"retail management","[{""id"": 45, ""name"": ""bachelor of vocation""}]","degree","2023-01-11 16:31:27.183397+00"
273,"logistics and shipping","[{""id"": 6, ""name"": ""bachelor of business administration""}]","degree","2023-01-11 16:31:27.184982+00"
274,"computer science","[{""id"": 64, ""name"": ""iti""}]","iti","2023-01-11 16:31:27.186562+00"
275,"manufacturing technology","[{""id"": 37, ""name"": ""bachelor of technology""}, {""id"": 17, ""name"": ""bachelor of engineering""}]","degree","2023-01-11 16:31:27.188155+00"
276,"marine engineering","[{""id"": 37, ""name"": ""bachelor of technology""}, {""id"": 17, ""name"": ""bachelor of engineering""}]","degree","2023-01-11 16:31:27.189736+00"
277,"marketing","[{""id"": 10, ""name"": ""bachelor of commerce"", ""created"": ""2023-01-11T16:34:38.619095Z"", ""details"": {""shortname"": ""b com"", ""qualification_type"": {""id"": 3, ""name"": ""degree""}}, ""updated"": ""2023-01-11T16:34:38.619095Z"", ""priority"": true}]","degree","2023-01-11 16:31:27.191312+00"
278,"physical education","[{""id"": 31, ""name"": ""bachelor of physical education""}]","degree","2023-01-11 16:31:27.192901+00"
279,"journalism and mass communication","[{""id"": 3, ""name"": ""bachelor of arts""}]","degree","2023-01-11 16:31:27.194552+00"
280,"fisheries engineering","[{""id"": 37, ""name"": ""bachelor of technology""}, {""id"": 17, ""name"": ""bachelor of engineering""}]","degree","2023-01-11 16:31:27.196174+00"
281,"materials science","[{""id"": 57, ""name"": ""master of science""}]","masters","2023-01-11 16:31:27.197763+00"
282,"food processing and quality management","[{""id"": 45, ""name"": ""bachelor of vocation""}]","degree","2023-01-11 16:31:27.199343+00"
283,"mathematics","[{""id"": 35, ""name"": ""bachelor of science"", ""created"": ""2023-01-11T16:34:38.660955Z"", ""details"": {""shortname"": ""b sc"", ""qualification_type"": {""id"": 3, ""name"": ""degree""}}, ""updated"": ""2023-01-11T16:34:38.660955Z"", ""priority"": true}]","degree","2023-01-11 16:31:27.200926+00"
284,"non medical","[{""id"": 35, ""name"": ""bachelor of science""}]","degree","2023-01-11 16:31:27.202583+00"
285,"banking and finance","[{""id"": 63, ""name"": ""diploma""}]","diploma","2023-01-11 16:31:27.204192+00"
286,"microelectronics and control system engineering","[{""id"": 91, ""name"": ""master of technology""}, {""id"": 76, ""name"": ""master of engineering""}]","masters","2023-01-11 16:31:27.205777+00"
287,"survey engineering","[{""id"": 63, ""name"": ""diploma""}]","diploma","2023-01-11 16:31:27.207363+00"
288,"computer science","[{""id"": 87, ""name"": ""master of philosophy""}]","masters","2023-01-11 16:31:27.208959+00"
289,"hair stylist","[{""id"": 63, ""name"": ""diploma""}]","diploma","2023-01-11 16:31:27.210561+00"
290,"film making","[{""id"": 110, ""name"": ""bachelor of multimedia""}]","degree","2023-01-11 16:31:27.212146+00"
291,"general medicine","[{""id"": 26, ""name"": ""bachelor of medicine and bachelor of surgery""}]","degree","2023-01-11 16:31:27.213727+00"
292,"earth science","[{""id"": 57, ""name"": ""master of science""}]","masters","2023-01-11 16:31:27.215306+00"
293,"computer science","[{""id"": 108, ""name"": ""post graduate diploma in computer application""}]","masters","2023-01-11 16:31:27.216979+00"
294,"food processing and quality management","[{""id"": 105, ""name"": ""master of vocation""}]","masters","2023-01-11 16:31:27.218728+00"
295,"physics chemistry mathematics","[{""id"": 35, ""name"": ""bachelor of science"", ""created"": ""2023-01-11T16:34:38.660955Z"", ""details"": {""shortname"": ""b sc"", ""qualification_type"": {""id"": 3, ""name"": ""degree""}}, ""updated"": ""2023-01-11T16:34:38.660955Z"", ""priority"": true}]","degree","2023-01-11 16:31:27.22032+00"
296,"taxation","[{""id"": 63, ""name"": ""diploma""}]","diploma","2023-01-11 16:31:27.221975+00"
297,"mathematics physics computers","[{""id"": 57, ""name"": ""master of science""}]","masters","2023-01-11 16:31:27.223606+00"
298,"mathematics statistics and computer science","[{""id"": 35, ""name"": ""bachelor of science"", ""created"": ""2023-01-11T16:34:38.660955Z"", ""details"": {""shortname"": ""b sc"", ""qualification_type"": {""id"": 3, ""name"": ""degree""}}, ""updated"": ""2023-01-11T16:34:38.660955Z"", ""priority"": true}]","degree","2023-01-11 16:31:27.22523+00"
299,"anthropology","[{""id"": 57, ""name"": ""master of science""}]","masters","2023-01-11 16:31:27.22683+00"
300,"remote sensing and geographic information system","[{""id"": 91, ""name"": ""master of technology""}, {""id"": 76, ""name"": ""master of engineering""}]","masters","2023-01-11 16:31:27.228509+00"
301,"sanskrit","[{""id"": 3, ""name"": ""bachelor of arts""}]","degree","2023-01-11 16:31:27.230659+00"
302,"mechanical and production","null","degree","2023-01-11 16:31:27.232248+00"
303,"mechanical engineering","[{""id"": 17, ""name"": ""bachelor of engineering""}, {""id"": 37, ""name"": ""bachelor of technology""}]","degree","2023-01-11 16:31:27.233835+00"
304,"media graphics and animation","[{""id"": 35, ""name"": ""bachelor of science"", ""created"": ""2023-01-11T16:34:38.660955Z"", ""details"": {""shortname"": ""b sc"", ""qualification_type"": {""id"": 3, ""name"": ""degree""}}, ""updated"": ""2023-01-11T16:34:38.660955Z"", ""priority"": true}]","degree","2023-01-11 16:31:27.235423+00"
305,"data analytics","[{""id"": 80, ""name"": ""master of health administration""}]","masters","2023-01-11 16:31:27.237008+00"
306,"metallurgical and materials engineering","[{""id"": 17, ""name"": ""bachelor of engineering""}, {""id"": 37, ""name"": ""bachelor of technology""}]","degree","2023-01-11 16:31:27.23924+00"
307,"pharmaceutical chemistry","[{""id"": 57, ""name"": ""master of science""}]","masters","2023-01-11 16:31:27.240847+00"
308,"biology","[{""id"": 57, ""name"": ""master of science""}]","masters","2023-01-11 16:31:27.242431+00"
309,"mineral engineering","[{""id"": 17, ""name"": ""bachelor of engineering""}, {""id"": 37, ""name"": ""bachelor of technology""}]","degree","2023-01-11 16:31:27.244015+00"
310,"mining engineering","[{""id"": 17, ""name"": ""bachelor of engineering""}, {""id"": 37, ""name"": ""bachelor of technology""}]","degree","2023-01-11 16:31:27.245599+00"
311,"banking and finance","[{""id"": 68, ""name"": ""master of business administration""}]","masters","2023-01-11 16:31:27.24718+00"
312,"nanoscience and nanotechnology","[{""id"": 76, ""name"": ""master of engineering""}, {""id"": 91, ""name"": ""master of technology""}]","masters","2023-01-11 16:31:27.248771+00"
313,"naval architecture and offshore engineering","null","degree","2023-01-11 16:31:27.250352+00"
314,"networking","[{""id"": 35, ""name"": ""bachelor of science""}]","degree","2023-01-11 16:31:27.251941+00"
315,"nursing","[{""id"": 35, ""name"": ""bachelor of science"", ""created"": ""2023-01-11T16:34:38.660955Z"", ""details"": {""shortname"": ""b sc"", ""qualification_type"": {""id"": 3, ""name"": ""degree""}}, ""updated"": ""2023-01-11T16:34:38.660955Z"", ""priority"": true}]","degree","2023-01-11 16:31:27.253525+00"
316,"nutrition","[{""id"": 35, ""name"": ""bachelor of science"", ""created"": ""2023-01-11T16:34:38.660955Z"", ""details"": {""shortname"": ""b sc"", ""qualification_type"": {""id"": 3, ""name"": ""degree""}}, ""updated"": ""2023-01-11T16:34:38.660955Z"", ""priority"": true}]","degree","2023-01-11 16:31:27.255107+00"
317,"sericulture","[{""id"": 57, ""name"": ""master of science""}]","masters","2023-01-11 16:31:27.256701+00"
318,"industrial automation and robotics","[{""id"": 76, ""name"": ""master of engineering""}, {""id"": 91, ""name"": ""master of technology""}]","masters","2023-01-11 16:31:27.258369+00"
319,"optical engineering","null","degree","2023-01-11 16:31:27.259976+00"
320,"aviation management","[{""id"": 68, ""name"": ""master of business administration""}]","masters","2023-01-11 16:31:27.261656+00"
321,"paramedical technology","[{""id"": 35, ""name"": ""bachelor of science""}]","degree","2023-01-11 16:31:27.263226+00"
322,"petroleum engineering","[{""id"": 37, ""name"": ""bachelor of technology""}, {""id"": 17, ""name"": ""bachelor of engineering""}]","degree","2023-01-11 16:31:27.264818+00"
323,"pharmaceutical engineering","[{""id"": 17, ""name"": ""bachelor of engineering""}, {""id"": 37, ""name"": ""bachelor of technology""}]","degree","2023-01-11 16:31:27.266407+00"
324,"philosophy ","[{""id"": 3, ""name"": ""bachelor of arts"", ""created"": ""2023-01-11T16:34:38.605109Z"", ""details"": {""shortname"": ""ba"", ""qualification_type"": {""id"": 3, ""name"": ""degree""}}, ""updated"": ""2023-01-11T16:34:38.605109Z"", ""priority"": true}]","degree","2023-01-11 16:31:27.267992+00"
325,"philosophy honours","null","degree","2023-01-11 16:31:27.269669+00"
326,"physical education","[{""id"": 3, ""name"": ""bachelor of arts"", ""created"": ""2023-01-11T16:34:38.605109Z"", ""details"": {""shortname"": ""ba"", ""qualification_type"": {""id"": 3, ""name"": ""degree""}}, ""updated"": ""2023-01-11T16:34:38.605109Z"", ""priority"": true}]","degree","2023-01-11 16:31:27.271274+00"
327,"physical science","[{""id"": 35, ""name"": ""bachelor of science"", ""created"": ""2023-01-11T16:34:38.660955Z"", ""details"": {""shortname"": ""b sc"", ""qualification_type"": {""id"": 3, ""name"": ""degree""}}, ""updated"": ""2023-01-11T16:34:38.660955Z"", ""priority"": true}]","degree","2023-01-11 16:31:27.272887+00"
328,"physics","[{""id"": 35, ""name"": ""bachelor of science"", ""created"": ""2023-01-11T16:34:38.660955Z"", ""details"": {""shortname"": ""b sc"", ""qualification_type"": {""id"": 3, ""name"": ""degree""}}, ""updated"": ""2023-01-11T16:34:38.660955Z"", ""priority"": true}]","degree","2023-01-11 16:31:27.274478+00"
329,"physics and chemistry","null","degree","2023-01-11 16:31:27.276065+00"
330,"physics and computerscience","null","degree","2023-01-11 16:31:27.277653+00"
331,"physics and mathematics","[]","degree","2023-01-11 16:31:27.279238+00"
332,"geology","[{""id"": 57, ""name"": ""master of science""}]","masters","2023-01-11 16:31:27.280835+00"
333,"physics biology","null","degree","2023-01-11 16:31:27.28242+00"
334,"physics chemistry and geology","null","degree","2023-01-11 16:31:27.284012+00"
335,"physics chemistry computerscience","null","degree","2023-01-11 16:31:27.285621+00"
336,"maths physics and chemistry","[]","degree","2023-01-11 16:31:27.287207+00"
337,"physics chemistry mathematics biology","null","degree","2023-01-11 16:31:27.288799+00"
338,"physics mathematics computer science","[{""id"": 35, ""name"": ""bachelor of science"", ""created"": ""2023-01-11T16:34:38.660955Z"", ""details"": {""shortname"": ""b sc"", ""qualification_type"": {""id"": 3, ""name"": ""degree""}}, ""updated"": ""2023-01-11T16:34:38.660955Z"", ""priority"": true}]","degree","2023-01-11 16:31:27.29038+00"
339,"physics chemisty and computers","null","degree","2023-01-11 16:31:27.291971+00"
340,"physics honours","null","degree","2023-01-11 16:31:27.293557+00"
341,"physics mathematics and eectronics","null","degree","2023-01-11 16:31:27.295145+00"
342,"physics mathematics electronics","[{""id"": 35, ""name"": ""bachelor of science""}]","degree","2023-01-11 16:31:27.296736+00"
343,"physics mathematics statistics","null","degree","2023-01-11 16:31:27.298321+00"
344,"physics statistics mathematics","null","degree","2023-01-11 16:31:27.299904+00"
345,"computer applications","[{""id"": 35, ""name"": ""bachelor of science"", ""created"": ""2023-01-11T16:34:38.660955Z"", ""details"": {""shortname"": ""b sc"", ""qualification_type"": {""id"": 3, ""name"": ""degree""}}, ""updated"": ""2023-01-11T16:34:38.660955Z"", ""priority"": true}]","degree","2023-01-11 16:31:27.301484+00"
346,"plastic engineering","[{""id"": 37, ""name"": ""bachelor of technology""}, {""id"": 17, ""name"": ""bachelor of engineering""}]","degree","2023-01-11 16:31:27.303065+00"
347,"plastic mould design","null","degree","2023-01-11 16:31:27.304658+00"
348,"plastic technology","null","degree","2023-01-11 16:31:27.306242+00"
349,"political science","[{""id"": 3, ""name"": ""bachelor of arts"", ""created"": ""2023-01-11T16:34:38.605109Z"", ""details"": {""shortname"": ""ba"", ""qualification_type"": {""id"": 3, ""name"": ""degree""}}, ""updated"": ""2023-01-11T16:34:38.605109Z"", ""priority"": true}]","degree","2023-01-11 16:31:27.308192+00"
350,"political science ","null","degree","2023-01-11 16:31:27.310131+00"
351,"polymer chemistry","null","degree","2023-01-11 16:31:27.312068+00"
352,"multimedia technology","[{""id"": 91, ""name"": ""master of technology""}, {""id"": 76, ""name"": ""master of engineering""}]","masters","2023-01-11 16:31:27.314015+00"
353,"printing graphics and packaging","[{""id"": 37, ""name"": ""bachelor of technology""}, {""id"": 17, ""name"": ""bachelor of engineering""}]","degree","2023-01-11 16:31:27.315949+00"
354,"faculty of humanities","[{""id"": 122, ""name"": ""master of labour studies""}]","masters","2023-01-11 16:31:27.317883+00"
355,"production technology","[{""id"": 45, ""name"": ""bachelor of vocation""}]","degree","2023-01-11 16:31:27.319817+00"
356,"horticulture","[{""id"": 63, ""name"": ""diploma""}]","diploma","2023-01-11 16:31:27.321748+00"
357,"psychology","[{""id"": 3, ""name"": ""bachelor of arts""}]","degree","2023-01-11 16:31:27.323683+00"
358,"animation and graphic design","[{""id"": 45, ""name"": ""bachelor of vocation""}]","degree","2023-01-11 16:31:27.325612+00"
359,"interior design","[{""id"": 45, ""name"": ""bachelor of vocation""}]","degree","2023-01-11 16:31:27.32755+00"
360,"automation control and robotics","[{""id"": 57, ""name"": ""master of science""}]","masters","2023-01-11 16:31:27.3295+00"
361,"banking and management","[{""id"": 10, ""name"": ""bachelor of commerce""}]","degree","2023-01-11 16:31:27.331549+00"
362,"sales and marketing","[{""id"": 45, ""name"": ""bachelor of vocation""}]","degree","2023-01-11 16:31:27.333482+00"
363,"sociology","[{""id"": 3, ""name"": ""bachelor of arts"", ""created"": ""2023-01-11T16:34:38.605109Z"", ""details"": {""shortname"": ""ba"", ""qualification_type"": {""id"": 3, ""name"": ""degree""}}, ""updated"": ""2023-01-11T16:34:38.605109Z"", ""priority"": true}]","degree","2023-01-11 16:31:27.335415+00"
364,"software development","[{""id"": 45, ""name"": ""bachelor of vocation""}]","degree","2023-01-11 16:31:27.337453+00"
365,"statistics","[{""id"": 10, ""name"": ""bachelor of commerce"", ""created"": ""2023-01-11T16:34:38.619095Z"", ""details"": {""shortname"": ""b com"", ""qualification_type"": {""id"": 3, ""name"": ""degree""}}, ""updated"": ""2023-01-11T16:34:38.619095Z"", ""priority"": true}]","degree","2023-01-11 16:31:27.339365+00"
366,"computer science statistics","[{""id"": 35, ""name"": ""bachelor of science"", ""created"": ""2023-01-11T16:34:38.660955Z"", ""details"": {""shortname"": ""b sc"", ""qualification_type"": {""id"": 3, ""name"": ""degree""}}, ""updated"": ""2023-01-11T16:34:38.660955Z"", ""priority"": true}]","degree","2023-01-11 16:31:27.341284+00"
367,"artificial intelligence","[{""id"": 13, ""name"": ""bachelor of computer application""}]","degree","2023-01-11 16:31:27.343346+00"
368,"diabetic care technology","[{""id"": 35, ""name"": ""bachelor of science""}]","degree","2023-01-11 16:31:27.345277+00"
369,"tally multi media web design","null","degree","2023-01-11 16:31:27.347188+00"
370,"taxation","[{""id"": 10, ""name"": ""bachelor of commerce"", ""created"": ""2023-01-11T16:34:38.619095Z"", ""details"": {""shortname"": ""b com"", ""qualification_type"": {""id"": 3, ""name"": ""degree""}}, ""updated"": ""2023-01-11T16:34:38.619095Z"", ""priority"": true}]","degree","2023-01-11 16:31:27.349109+00"
371,"rural management","[{""id"": 68, ""name"": ""master of business administration""}]","masters","2023-01-11 16:31:27.35069+00"
372,"textile engineering","[{""id"": 17, ""name"": ""bachelor of engineering""}, {""id"": 37, ""name"": ""bachelor of technology""}]","degree","2023-01-11 16:31:27.352281+00"
373,"thermal engineering","[{""id"": 76, ""name"": ""master of engineering""}, {""id"": 91, ""name"": ""master of technology""}]","masters","2023-01-11 16:31:27.353867+00"
374,"tourism and travel","[{""id"": 6, ""name"": ""bachelor of business administration""}]","degree","2023-01-11 16:31:27.355449+00"
375,"tourism and hospitality management","[{""id"": 35, ""name"": ""bachelor of science"", ""created"": ""2023-01-11T16:34:38.660955Z"", ""details"": {""shortname"": ""b sc"", ""qualification_type"": {""id"": 3, ""name"": ""degree""}}, ""updated"": ""2023-01-11T16:34:38.660955Z"", ""priority"": true}]","degree","2023-01-11 16:31:27.357035+00"
376,"tourism and travel management","[{""id"": 10, ""name"": ""bachelor of commerce"", ""created"": ""2023-01-11T16:34:38.619095Z"", ""details"": {""shortname"": ""b com"", ""qualification_type"": {""id"": 3, ""name"": ""degree""}}, ""updated"": ""2023-01-11T16:34:38.619095Z"", ""priority"": true}]","degree","2023-01-11 16:31:27.358737+00"
377,"tourism and travel","[{""id"": 40, ""name"": ""bachelor of travel & tourism management""}]","degree","2023-01-11 16:31:27.360321+00"
378,"urology","null","degree","2023-01-11 16:31:27.361906+00"
379,"visual communication","[{""id"": 35, ""name"": ""bachelor of science"", ""created"": ""2023-01-11T16:34:38.660955Z"", ""details"": {""shortname"": ""b sc"", ""qualification_type"": {""id"": 3, ""name"": ""degree""}}, ""updated"": ""2023-01-11T16:34:38.660955Z"", ""priority"": true}]","degree","2023-01-11 16:31:27.363485+00"
380,"vivo engineering","null","degree","2023-01-11 16:31:27.365073+00"
381,"vlsi engineering","null","degree","2023-01-11 16:31:27.366788+00"
382,"automotive engineering","[{""id"": 57, ""name"": ""master of science""}]","masters","2023-01-11 16:31:27.368408+00"
383,"zoology","[{""id"": 35, ""name"": ""bachelor of science"", ""created"": ""2023-01-11T16:34:38.660955Z"", ""details"": {""shortname"": ""b sc"", ""qualification_type"": {""id"": 3, ""name"": ""degree""}}, ""updated"": ""2023-01-11T16:34:38.660955Z"", ""priority"": true}]","degree","2023-01-11 16:31:27.369995+00"
384,"yoga","[{""id"": 57, ""name"": ""master of science""}]","masters","2023-01-11 16:31:27.371581+00"
385,"journalism and mass communication","[{""id"": 55, ""name"": ""master of arts""}]","masters","2023-01-11 16:31:27.373286+00"
386,"petroleum engineering","[{""id"": 91, ""name"": ""master of technology""}, {""id"": 76, ""name"": ""master of engineering""}]","masters","2023-01-11 16:31:27.374912+00"
387,"computer science","[{""id"": 63, ""name"": ""diploma"", ""created"": ""2023-01-11T16:34:38.712726Z"", ""details"": {""shortname"": ""diploma"", ""qualification_type"": {""id"": 4, ""name"": ""diploma""}}, ""updated"": ""2023-01-11T16:34:38.712726Z"", ""priority"": false}]","diploma","2023-01-11 16:31:27.376751+00"
388,"electrical and electronics engineering","[{""id"": 63, ""name"": ""diploma"", ""created"": ""2023-01-11T16:34:38.712726Z"", ""details"": {""shortname"": ""diploma"", ""qualification_type"": {""id"": 4, ""name"": ""diploma""}}, ""updated"": ""2023-01-11T16:34:38.712726Z"", ""priority"": false}]","diploma","2023-01-11 16:31:27.378335+00"
389,"electronics and communication engineering","[{""id"": 63, ""name"": ""diploma"", ""created"": ""2023-01-11T16:34:38.712726Z"", ""details"": {""shortname"": ""diploma"", ""qualification_type"": {""id"": 4, ""name"": ""diploma""}}, ""updated"": ""2023-01-11T16:34:38.712726Z"", ""priority"": false}]","diploma","2023-01-11 16:31:27.379927+00"
390,"poultry science","[{""id"": 35, ""name"": ""bachelor of science""}]","degree","2023-01-11 16:31:27.381672+00"
391,"civil engineering","[{""id"": 63, ""name"": ""diploma"", ""created"": ""2023-01-11T16:34:38.712726Z"", ""details"": {""shortname"": ""diploma"", ""qualification_type"": {""id"": 4, ""name"": ""diploma""}}, ""updated"": ""2023-01-11T16:34:38.712726Z"", ""priority"": false}]","diploma","2023-01-11 16:31:27.383245+00"
392,"instrumentation","null","diploma","2023-01-11 16:31:27.384837+00"
393,"chemical engineering","[{""id"": 63, ""name"": ""diploma"", ""created"": ""2023-01-11T16:34:38.712726Z"", ""details"": {""shortname"": ""diploma"", ""qualification_type"": {""id"": 4, ""name"": ""diploma""}}, ""updated"": ""2023-01-11T16:34:38.712726Z"", ""priority"": false}]","diploma","2023-01-11 16:31:27.386416+00"
394,"it/is","null","diploma","2023-01-11 16:31:27.387998+00"
395,"electrical","null","diploma","2023-01-11 16:31:27.389707+00"
396,"agricultural engineering","[{""id"": 63, ""name"": ""diploma"", ""created"": ""2023-01-11T16:34:38.712726Z"", ""details"": {""shortname"": ""diploma"", ""qualification_type"": {""id"": 4, ""name"": ""diploma""}}, ""updated"": ""2023-01-11T16:34:38.712726Z"", ""priority"": false}]","diploma","2023-01-11 16:31:27.391323+00"
397,"automobile engineering","[{""id"": 63, ""name"": ""diploma"", ""created"": ""2023-01-11T16:34:38.712726Z"", ""details"": {""shortname"": ""diploma"", ""qualification_type"": {""id"": 4, ""name"": ""diploma""}}, ""updated"": ""2023-01-11T16:34:38.712726Z"", ""priority"": false}]","diploma","2023-01-11 16:31:27.39291+00"
398,"operation theatre technology","[{""id"": 63, ""name"": ""diploma""}, {""id"": 50, ""name"": ""diploma in pharmacy""}]","diploma","2023-01-11 16:31:27.394491+00"
399,"commercial practice","[{""id"": 63, ""name"": ""diploma"", ""created"": ""2023-01-11T16:34:38.712726Z"", ""details"": {""shortname"": ""diploma"", ""qualification_type"": {""id"": 4, ""name"": ""diploma""}}, ""updated"": ""2023-01-11T16:34:38.712726Z"", ""priority"": false}]","diploma","2023-01-11 16:31:27.396083+00"
400,"fashion technology","[{""id"": 45, ""name"": ""bachelor of vocation""}]","degree","2023-01-11 16:31:27.397797+00"
401,"dress designing and garment manufacturing","[{""id"": 63, ""name"": ""diploma"", ""created"": ""2023-01-11T16:34:38.712726Z"", ""details"": {""shortname"": ""diploma"", ""qualification_type"": {""id"": 4, ""name"": ""diploma""}}, ""updated"": ""2023-01-11T16:34:38.712726Z"", ""priority"": false}]","diploma","2023-01-11 16:31:27.399373+00"
402,"education","[{""id"": 63, ""name"": ""diploma""}]","diploma","2023-01-11 16:31:27.400962+00"
403,"instrumentation technology","[{""id"": 63, ""name"": ""diploma""}]","diploma","2023-01-11 16:31:27.402673+00"
404,"electrical engineering","[{""id"": 63, ""name"": ""diploma""}]","diploma","2023-01-11 16:31:27.404256+00"
405,"electronics and telecommunications engineering","[{""id"": 63, ""name"": ""diploma"", ""created"": ""2023-01-11T16:34:38.712726Z"", ""details"": {""shortname"": ""diploma"", ""qualification_type"": {""id"": 4, ""name"": ""diploma""}}, ""updated"": ""2023-01-11T16:34:38.712726Z"", ""priority"": false}]","diploma","2023-01-11 16:31:27.405838+00"
406,"fisheries","[{""id"": 63, ""name"": ""diploma""}]","diploma","2023-01-11 16:31:27.407423+00"
407,"information technology","[{""id"": 63, ""name"": ""diploma"", ""created"": ""2023-01-11T16:34:38.712726Z"", ""details"": {""shortname"": ""diploma"", ""qualification_type"": {""id"": 4, ""name"": ""diploma""}}, ""updated"": ""2023-01-11T16:34:38.712726Z"", ""priority"": false}]","diploma","2023-01-11 16:31:27.409011+00"
408,"mechanical engineering","[{""id"": 63, ""name"": ""diploma""}]","diploma","2023-01-11 16:31:27.410599+00"
409,"ophthalmic medicine & surgery","null","diploma","2023-01-11 16:31:27.412209+00"
410,"plastics mould technology","[{""id"": 63, ""name"": ""diploma""}]","diploma","2023-01-11 16:31:27.413794+00"
411,"textile technology","[{""id"": 63, ""name"": ""diploma"", ""created"": ""2023-01-11T16:34:38.712726Z"", ""details"": {""shortname"": ""diploma"", ""qualification_type"": {""id"": 4, ""name"": ""diploma""}}, ""updated"": ""2023-01-11T16:34:38.712726Z"", ""priority"": false}]","diploma","2023-01-11 16:31:27.415379+00"
412,"tool and die making","[{""id"": 63, ""name"": ""diploma"", ""created"": ""2023-01-11T16:34:38.712726Z"", ""details"": {""shortname"": ""diploma"", ""qualification_type"": {""id"": 4, ""name"": ""diploma""}}, ""updated"": ""2023-01-11T16:34:38.712726Z"", ""priority"": false}]","diploma","2023-01-11 16:31:27.416965+00"
413,"tool and die maker engineering","[{""id"": 64, ""name"": ""iti"", ""created"": ""2023-01-11T16:34:38.714608Z"", ""details"": {""shortname"": ""iti"", ""qualification_type"": {""id"": 1, ""name"": ""iti""}}, ""updated"": ""2023-01-11T16:34:38.714608Z"", ""priority"": false}]","iti","2023-01-11 16:31:27.418793+00"
414,"draughtsman mechanical engineering","[{""id"": 64, ""name"": ""iti"", ""created"": ""2023-01-11T16:34:38.714608Z"", ""details"": {""shortname"": ""iti"", ""qualification_type"": {""id"": 1, ""name"": ""iti""}}, ""updated"": ""2023-01-11T16:34:38.714608Z"", ""priority"": false}]","iti","2023-01-11 16:31:27.42039+00"
415,"diesel mechanic engineering","[{""id"": 64, ""name"": ""iti"", ""created"": ""2023-01-11T16:34:38.714608Z"", ""details"": {""shortname"": ""iti"", ""qualification_type"": {""id"": 1, ""name"": ""iti""}}, ""updated"": ""2023-01-11T16:34:38.714608Z"", ""priority"": false}]","iti","2023-01-11 16:31:27.421972+00"
416,"draughtsman civil engineering","[{""id"": 64, ""name"": ""iti"", ""created"": ""2023-01-11T16:34:38.714608Z"", ""details"": {""shortname"": ""iti"", ""qualification_type"": {""id"": 1, ""name"": ""iti""}}, ""updated"": ""2023-01-11T16:34:38.714608Z"", ""priority"": false}]","iti","2023-01-11 16:31:27.423571+00"
417,"pump operator","[{""id"": 64, ""name"": ""iti"", ""created"": ""2023-01-11T16:34:38.714608Z"", ""details"": {""shortname"": ""iti"", ""qualification_type"": {""id"": 1, ""name"": ""iti""}}, ""updated"": ""2023-01-11T16:34:38.714608Z"", ""priority"": false}]","iti","2023-01-11 16:31:27.425157+00"
418,"fitter engineering","[{""id"": 64, ""name"": ""iti"", ""created"": ""2023-01-11T16:34:38.714608Z"", ""details"": {""shortname"": ""iti"", ""qualification_type"": {""id"": 1, ""name"": ""iti""}}, ""updated"": ""2023-01-11T16:34:38.714608Z"", ""priority"": false}]","iti","2023-01-11 16:31:27.426738+00"
419,"motor driving cum mechanic engineering","[{""id"": 64, ""name"": ""iti"", ""created"": ""2023-01-11T16:34:38.714608Z"", ""details"": {""shortname"": ""iti"", ""qualification_type"": {""id"": 1, ""name"": ""iti""}}, ""updated"": ""2023-01-11T16:34:38.714608Z"", ""priority"": false}]","iti","2023-01-11 16:31:27.428337+00"
420,"turner engineering","[{""id"": 64, ""name"": ""iti"", ""created"": ""2023-01-11T16:34:38.714608Z"", ""details"": {""shortname"": ""iti"", ""qualification_type"": {""id"": 1, ""name"": ""iti""}}, ""updated"": ""2023-01-11T16:34:38.714608Z"", ""priority"": false}]","iti","2023-01-11 16:31:27.429922+00"
421,"dress making","[{""id"": 64, ""name"": ""iti"", ""created"": ""2023-01-11T16:34:38.714608Z"", ""details"": {""shortname"": ""iti"", ""qualification_type"": {""id"": 1, ""name"": ""iti""}}, ""updated"": ""2023-01-11T16:34:38.714608Z"", ""priority"": false}]","iti","2023-01-11 16:31:27.431509+00"
422,"manufacture foot wear","[{""id"": 64, ""name"": ""iti"", ""created"": ""2023-01-11T16:34:38.714608Z"", ""details"": {""shortname"": ""iti"", ""qualification_type"": {""id"": 1, ""name"": ""iti""}}, ""updated"": ""2023-01-11T16:34:38.714608Z"", ""priority"": false}]","iti","2023-01-11 16:31:27.433096+00"
423,"information technology and esm engineering","[{""id"": 64, ""name"": ""iti"", ""created"": ""2023-01-11T16:34:38.714608Z"", ""details"": {""shortname"": ""iti"", ""qualification_type"": {""id"": 1, ""name"": ""iti""}}, ""updated"": ""2023-01-11T16:34:38.714608Z"", ""priority"": false}]","iti","2023-01-11 16:31:27.434678+00"
424,"secretarial practice","null","iti","2023-01-11 16:31:27.43627+00"
425,"machinist engineering","[{""id"": 64, ""name"": ""iti"", ""created"": ""2023-01-11T16:34:38.714608Z"", ""details"": {""shortname"": ""iti"", ""qualification_type"": {""id"": 1, ""name"": ""iti""}}, ""updated"": ""2023-01-11T16:34:38.714608Z"", ""priority"": false}]","iti","2023-01-11 16:31:27.43785+00"
426,"hair and skin care","[{""id"": 64, ""name"": ""iti"", ""created"": ""2023-01-11T16:34:38.714608Z"", ""details"": {""shortname"": ""iti"", ""qualification_type"": {""id"": 1, ""name"": ""iti""}}, ""updated"": ""2023-01-11T16:34:38.714608Z"", ""priority"": false}]","iti","2023-01-11 16:31:27.439436+00"
427,"refrigeration engineering","[{""id"": 64, ""name"": ""iti"", ""created"": ""2023-01-11T16:34:38.714608Z"", ""details"": {""shortname"": ""iti"", ""qualification_type"": {""id"": 1, ""name"": ""iti""}}, ""updated"": ""2023-01-11T16:34:38.714608Z"", ""priority"": false}]","iti","2023-01-11 16:31:27.44116+00"
428,"fruit and vegetable processing","[{""id"": 64, ""name"": ""iti"", ""created"": ""2023-01-11T16:34:38.714608Z"", ""details"": {""shortname"": ""iti"", ""qualification_type"": {""id"": 1, ""name"": ""iti""}}, ""updated"": ""2023-01-11T16:34:38.714608Z"", ""priority"": false}]","iti","2023-01-11 16:31:27.442905+00"
429,"mech instrument engineering","[{""id"": 64, ""name"": ""iti"", ""created"": ""2023-01-11T16:34:38.714608Z"", ""details"": {""shortname"": ""iti"", ""qualification_type"": {""id"": 1, ""name"": ""iti""}}, ""updated"": ""2023-01-11T16:34:38.714608Z"", ""priority"": false}]","iti","2023-01-11 16:31:27.44449+00"
430,"bleaching and dyeing calico print","[{""id"": 64, ""name"": ""iti"", ""created"": ""2023-01-11T16:34:38.714608Z"", ""details"": {""shortname"": ""iti"", ""qualification_type"": {""id"": 1, ""name"": ""iti""}}, ""updated"": ""2023-01-11T16:34:38.714608Z"", ""priority"": false}]","iti","2023-01-11 16:31:27.446082+00"
431,"electrician engineering","[{""id"": 64, ""name"": ""iti"", ""created"": ""2023-01-11T16:34:38.714608Z"", ""details"": {""shortname"": ""iti"", ""qualification_type"": {""id"": 1, ""name"": ""iti""}}, ""updated"": ""2023-01-11T16:34:38.714608Z"", ""priority"": false}]","iti","2023-01-11 16:31:27.447668+00"
432,"letter press machine mender","[{""id"": 64, ""name"": ""iti"", ""created"": ""2023-01-11T16:34:38.714608Z"", ""details"": {""shortname"": ""iti"", ""qualification_type"": {""id"": 1, ""name"": ""iti""}}, ""updated"": ""2023-01-11T16:34:38.714608Z"", ""priority"": false}]","iti","2023-01-11 16:31:27.449256+00"
433,"commercial art","[{""id"": 64, ""name"": ""iti"", ""created"": ""2023-01-11T16:34:38.714608Z"", ""details"": {""shortname"": ""iti"", ""qualification_type"": {""id"": 1, ""name"": ""iti""}}, ""updated"": ""2023-01-11T16:34:38.714608Z"", ""priority"": false}]","iti","2023-01-11 16:31:27.45084+00"
434,"leather goods maker","[{""id"": 64, ""name"": ""iti"", ""created"": ""2023-01-11T16:34:38.714608Z"", ""details"": {""shortname"": ""iti"", ""qualification_type"": {""id"": 1, ""name"": ""iti""}}, ""updated"": ""2023-01-11T16:34:38.714608Z"", ""priority"": false}]","iti","2023-01-11 16:31:27.452453+00"
435,"mechanic motor vehicle engineering","[{""id"": 64, ""name"": ""iti"", ""created"": ""2023-01-11T16:34:38.714608Z"", ""details"": {""shortname"": ""iti"", ""qualification_type"": {""id"": 1, ""name"": ""iti""}}, ""updated"": ""2023-01-11T16:34:38.714608Z"", ""priority"": false}]","iti","2023-01-11 16:31:27.454039+00"
436,"hand compositor","[{""id"": 64, ""name"": ""iti"", ""created"": ""2023-01-11T16:34:38.714608Z"", ""details"": {""shortname"": ""iti"", ""qualification_type"": {""id"": 1, ""name"": ""iti""}}, ""updated"": ""2023-01-11T16:34:38.714608Z"", ""priority"": false}]","iti","2023-01-11 16:31:27.455626+00"
437,"mechanic radio and tv engineering","[{""id"": 64, ""name"": ""iti"", ""created"": ""2023-01-11T16:34:38.714608Z"", ""details"": {""shortname"": ""iti"", ""qualification_type"": {""id"": 1, ""name"": ""iti""}}, ""updated"": ""2023-01-11T16:34:38.714608Z"", ""priority"": false}]","iti","2023-01-11 16:31:27.457343+00"
438,"mechanic electronics engineering","[{""id"": 64, ""name"": ""iti"", ""created"": ""2023-01-11T16:34:38.714608Z"", ""details"": {""shortname"": ""iti"", ""qualification_type"": {""id"": 1, ""name"": ""iti""}}, ""updated"": ""2023-01-11T16:34:38.714608Z"", ""priority"": false}]","iti","2023-01-11 16:31:27.458941+00"
439,"surveyor engineering","[{""id"": 64, ""name"": ""iti"", ""created"": ""2023-01-11T16:34:38.714608Z"", ""details"": {""shortname"": ""iti"", ""qualification_type"": {""id"": 1, ""name"": ""iti""}}, ""updated"": ""2023-01-11T16:34:38.714608Z"", ""priority"": false}]","iti","2023-01-11 16:31:27.460535+00"
440,"foundry man engineering","[{""id"": 64, ""name"": ""iti"", ""created"": ""2023-01-11T16:34:38.714608Z"", ""details"": {""shortname"": ""iti"", ""qualification_type"": {""id"": 1, ""name"": ""iti""}}, ""updated"": ""2023-01-11T16:34:38.714608Z"", ""priority"": false}]","iti","2023-01-11 16:31:27.46218+00"
441,"sheet metal worker engineering","[{""id"": 64, ""name"": ""iti"", ""created"": ""2023-01-11T16:34:38.714608Z"", ""details"": {""shortname"": ""iti"", ""qualification_type"": {""id"": 1, ""name"": ""iti""}}, ""updated"": ""2023-01-11T16:34:38.714608Z"", ""priority"": false}]","iti","2023-01-11 16:31:27.463761+00"
442,"weaving of fancy fabric","[{""id"": 64, ""name"": ""iti"", ""created"": ""2023-01-11T16:34:38.714608Z"", ""details"": {""shortname"": ""iti"", ""qualification_type"": {""id"": 1, ""name"": ""iti""}}, ""updated"": ""2023-01-11T16:34:38.714608Z"", ""priority"": false}]","iti","2023-01-11 16:31:27.465347+00"
443,"wireman engineering","[{""id"": 64, ""name"": ""iti"", ""created"": ""2023-01-11T16:34:38.714608Z"", ""details"": {""shortname"": ""iti"", ""qualification_type"": {""id"": 1, ""name"": ""iti""}}, ""updated"": ""2023-01-11T16:34:38.714608Z"", ""priority"": false}]","iti","2023-01-11 16:31:27.466925+00"
444,"cutting and sewing","[{""id"": 64, ""name"": ""iti"", ""created"": ""2023-01-11T16:34:38.714608Z"", ""details"": {""shortname"": ""iti"", ""qualification_type"": {""id"": 1, ""name"": ""iti""}}, ""updated"": ""2023-01-11T16:34:38.714608Z"", ""priority"": false}]","iti","2023-01-11 16:31:27.468517+00"
445,"pattern maker engineering","[{""id"": 64, ""name"": ""iti"", ""created"": ""2023-01-11T16:34:38.714608Z"", ""details"": {""shortname"": ""iti"", ""qualification_type"": {""id"": 1, ""name"": ""iti""}}, ""updated"": ""2023-01-11T16:34:38.714608Z"", ""priority"": false}]","iti","2023-01-11 16:31:27.470105+00"
446,"plumber engineering","[{""id"": 64, ""name"": ""iti"", ""created"": ""2023-01-11T16:34:38.714608Z"", ""details"": {""shortname"": ""iti"", ""qualification_type"": {""id"": 1, ""name"": ""iti""}}, ""updated"": ""2023-01-11T16:34:38.714608Z"", ""priority"": false}]","iti","2023-01-11 16:31:27.471694+00"
447,"welder gas and electric engineering","[{""id"": 64, ""name"": ""iti"", ""created"": ""2023-01-11T16:34:38.714608Z"", ""details"": {""shortname"": ""iti"", ""qualification_type"": {""id"": 1, ""name"": ""iti""}}, ""updated"": ""2023-01-11T16:34:38.714608Z"", ""priority"": false}]","iti","2023-01-11 16:31:27.473273+00"
448,"book binder","[{""id"": 64, ""name"": ""iti"", ""created"": ""2023-01-11T16:34:38.714608Z"", ""details"": {""shortname"": ""iti"", ""qualification_type"": {""id"": 1, ""name"": ""iti""}}, ""updated"": ""2023-01-11T16:34:38.714608Z"", ""priority"": false}]","iti","2023-01-11 16:31:27.474858+00"
449,"carpenter engineering","[{""id"": 64, ""name"": ""iti"", ""created"": ""2023-01-11T16:34:38.714608Z"", ""details"": {""shortname"": ""iti"", ""qualification_type"": {""id"": 1, ""name"": ""iti""}}, ""updated"": ""2023-01-11T16:34:38.714608Z"", ""priority"": false}]","iti","2023-01-11 16:31:27.476448+00"
450,"embroidery and needle worker","[{""id"": 64, ""name"": ""iti"", ""created"": ""2023-01-11T16:34:38.714608Z"", ""details"": {""shortname"": ""iti"", ""qualification_type"": {""id"": 1, ""name"": ""iti""}}, ""updated"": ""2023-01-11T16:34:38.714608Z"", ""priority"": false}]","iti","2023-01-11 16:31:27.478033+00"
451,"mechanic tractor","[{""id"": 64, ""name"": ""iti"", ""created"": ""2023-01-11T16:34:38.714608Z"", ""details"": {""shortname"": ""iti"", ""qualification_type"": {""id"": 1, ""name"": ""iti""}}, ""updated"": ""2023-01-11T16:34:38.714608Z"", ""priority"": false}]","iti","2023-01-11 16:31:27.479624+00"
452,"information science","[{""id"": 57, ""name"": ""master of science"", ""created"": ""2023-01-11T16:34:38.696586Z"", ""details"": {""shortname"": ""m sc"", ""qualification_type"": {""id"": 2, ""name"": ""masters"", ""created"": ""2023-01-10T05:32:57.088029Z"", ""details"": {}, ""updated"": ""2023-01-10T05:32:57.088029Z"", ""priority"": true}}, ""updated"": ""2023-02-28T06:32:05.784053Z"", ""priority"": false}]","masters","2023-01-11 16:31:27.481626+00"
453,"computer science","[{""id"": 91, ""name"": ""master of technology""}, {""id"": 76, ""name"": ""master of engineering""}]","masters","2023-01-11 16:31:27.48321+00"
454,"mechatronics engineering","[{""id"": 91, ""name"": ""master of technology""}, {""id"": 76, ""name"": ""master of engineering""}]","masters","2023-01-11 16:31:27.484817+00"
455,"human resource management","[{""id"": 102, ""name"": ""post graduate diploma in management""}]","masters","2023-01-11 16:31:27.486593+00"
456,"project management","[{""id"": 68, ""name"": ""master of business administration""}]","masters","2023-01-11 16:31:27.488187+00"
457,"marketing","[{""id"": 68, ""name"": ""master of business administration"", ""created"": ""2023-01-11T16:34:38.721386Z"", ""details"": {""shortname"": ""mba"", ""qualification_type"": {""id"": 2, ""name"": ""masters""}}, ""updated"": ""2023-01-11T16:34:38.721386Z"", ""priority"": false}]","masters","2023-01-11 16:31:27.489782+00"
458,"human resource management","[{""id"": 68, ""name"": ""master of business administration"", ""created"": ""2023-01-11T16:34:38.721386Z"", ""details"": {""shortname"": ""mba"", ""qualification_type"": {""id"": 2, ""name"": ""masters""}}, ""updated"": ""2023-01-11T16:34:38.721386Z"", ""priority"": false}]","masters","2023-01-11 16:31:27.491369+00"
459,"finance","[{""id"": 56, ""name"": ""master of commerce"", ""created"": ""2023-01-11T16:34:38.694951Z"", ""details"": {""shortname"": ""m com"", ""qualification_type"": {""id"": 2, ""name"": ""masters"", ""created"": ""2023-01-10T05:32:57.088029Z"", ""details"": {}, ""updated"": ""2023-01-10T05:32:57.088029Z"", ""priority"": true}}, ""updated"": ""2023-02-28T06:32:30.062534Z"", ""priority"": false}]","masters","2023-01-11 16:31:27.492981+00"
460,"food science and nutrition","[{""id"": 57, ""name"": ""master of science""}]","masters","2023-01-11 16:31:27.494564+00"
461,"hospitality management","[{""id"": 57, ""name"": ""master of science""}]","masters","2023-01-11 16:31:27.496162+00"
462,"hindi","[{""id"": 55, ""name"": ""master of arts"", ""created"": ""2023-01-11T16:34:38.693323Z"", ""details"": {""shortname"": ""ma"", ""qualification_type"": {""id"": 2, ""name"": ""masters"", ""created"": ""2023-01-10T05:32:57.088029Z"", ""details"": {}, ""updated"": ""2023-01-10T05:32:57.088029Z"", ""priority"": true}}, ""updated"": ""2023-02-28T06:32:21.029311Z"", ""priority"": false}]","masters","2023-01-11 16:31:27.497747+00"
463,"history","[{""id"": 55, ""name"": ""master of arts"", ""created"": ""2023-01-11T16:34:38.693323Z"", ""details"": {""shortname"": ""ma"", ""qualification_type"": {""id"": 2, ""name"": ""masters"", ""created"": ""2023-01-10T05:32:57.088029Z"", ""details"": {}, ""updated"": ""2023-01-10T05:32:57.088029Z"", ""priority"": true}}, ""updated"": ""2023-02-28T06:32:21.029311Z"", ""priority"": false}]","masters","2023-01-11 16:31:27.499331+00"
464,"commerce","[{""id"": 87, ""name"": ""master of philosophy"", ""created"": ""2023-01-11T16:34:38.752839Z"", ""details"": {""shortname"": ""m phil"", ""qualification_type"": {""id"": 2, ""name"": ""masters""}}, ""updated"": ""2023-01-11T16:34:38.752839Z"", ""priority"": false}]","masters","2023-01-11 16:31:27.500916+00"
465,"political science","[{""id"": 55, ""name"": ""master of arts"", ""created"": ""2023-01-11T16:34:38.693323Z"", ""details"": {""shortname"": ""ma"", ""qualification_type"": {""id"": 2, ""name"": ""masters"", ""created"": ""2023-01-10T05:32:57.088029Z"", ""details"": {}, ""updated"": ""2023-01-10T05:32:57.088029Z"", ""priority"": true}}, ""updated"": ""2023-02-28T06:32:21.029311Z"", ""priority"": false}]","masters","2023-01-11 16:31:27.5025+00"
466,"geography","[{""id"": 57, ""name"": ""master of science""}]","masters","2023-01-11 16:31:27.504101+00"
467,"sociology","[{""id"": 87, ""name"": ""master of philosophy"", ""created"": ""2023-01-11T16:34:38.752839Z"", ""details"": {""shortname"": ""m phil"", ""qualification_type"": {""id"": 2, ""name"": ""masters""}}, ""updated"": ""2023-01-11T16:34:38.752839Z"", ""priority"": false}]","masters","2023-01-11 16:31:27.50585+00"
468,"economics","[{""id"": 56, ""name"": ""master of commerce"", ""created"": ""2023-01-11T16:34:38.694951Z"", ""details"": {""shortname"": ""m com"", ""qualification_type"": {""id"": 2, ""name"": ""masters"", ""created"": ""2023-01-10T05:32:57.088029Z"", ""details"": {}, ""updated"": ""2023-01-10T05:32:57.088029Z"", ""priority"": true}}, ""updated"": ""2023-02-28T06:32:30.062534Z"", ""priority"": false}]","masters","2023-01-11 16:31:27.507422+00"
469,"polymer nanotechnology","[{""id"": 76, ""name"": ""master of engineering""}, {""id"": 91, ""name"": ""master of technology""}]","masters","2023-01-11 16:31:27.50901+00"
470,"food and beverage management","[{""id"": 82, ""name"": ""master of hotel management""}]","masters","2023-01-11 16:31:27.510593+00"
471,"petroleum technology","[{""id"": 57, ""name"": ""master of science""}]","masters","2023-01-11 16:31:27.512188+00"
472,"computer applications","[{""id"": 56, ""name"": ""master of commerce"", ""created"": ""2023-01-11T16:34:38.694951Z"", ""details"": {""shortname"": ""m com"", ""qualification_type"": {""id"": 2, ""name"": ""masters"", ""created"": ""2023-01-10T05:32:57.088029Z"", ""details"": {}, ""updated"": ""2023-01-10T05:32:57.088029Z"", ""priority"": true}}, ""updated"": ""2023-02-28T06:32:30.062534Z"", ""priority"": false}]","masters","2023-01-11 16:31:27.513769+00"
473,"english","[{""id"": 55, ""name"": ""master of arts"", ""created"": ""2023-01-11T16:34:38.693323Z"", ""details"": {""shortname"": ""ma"", ""qualification_type"": {""id"": 2, ""name"": ""masters"", ""created"": ""2023-01-10T05:32:57.088029Z"", ""details"": {}, ""updated"": ""2023-01-10T05:32:57.088029Z"", ""priority"": true}}, ""updated"": ""2023-02-28T06:32:21.029311Z"", ""priority"": false}]","masters","2023-01-11 16:31:27.515354+00"
474,"library and information science","[{""id"": 55, ""name"": ""master of arts"", ""created"": ""2023-01-11T16:34:38.693323Z"", ""details"": {""shortname"": ""ma"", ""qualification_type"": {""id"": 2, ""name"": ""masters"", ""created"": ""2023-01-10T05:32:57.088029Z"", ""details"": {}, ""updated"": ""2023-01-10T05:32:57.088029Z"", ""priority"": true}}, ""updated"": ""2023-02-28T06:32:21.029311Z"", ""priority"": false}]","masters","2023-01-11 16:31:27.516943+00"
475,"banking and finance","[{""id"": 56, ""name"": ""master of commerce"", ""created"": ""2023-01-11T16:34:38.694951Z"", ""details"": {""shortname"": ""m com"", ""qualification_type"": {""id"": 2, ""name"": ""masters"", ""created"": ""2023-01-10T05:32:57.088029Z"", ""details"": {}, ""updated"": ""2023-01-10T05:32:57.088029Z"", ""priority"": true}}, ""updated"": ""2023-02-28T06:32:30.062534Z"", ""priority"": false}]","masters","2023-01-11 16:31:27.518526+00"
476,"travel tourism management","[{""id"": 68, ""name"": ""master of business administration"", ""created"": ""2023-01-11T16:34:38.721386Z"", ""details"": {""shortname"": ""mba"", ""qualification_type"": {""id"": 2, ""name"": ""masters""}}, ""updated"": ""2023-01-11T16:34:38.721386Z"", ""priority"": false}]","masters","2023-01-11 16:31:27.520124+00"
477,"materia medica","[{""id"": 111, ""name"": ""doctor of medicine in homoeopathy""}]","masters","2023-01-11 16:31:27.521719+00"
478,"public administration","[{""id"": 55, ""name"": ""master of arts""}]","masters","2023-01-11 16:31:27.523302+00"
479,"experience design","[{""id"": 74, ""name"": ""master of design""}]","masters","2023-01-11 16:31:27.524906+00"
480,"molecular biology","[{""id"": 57, ""name"": ""master of science""}]","masters","2023-01-11 16:31:27.526492+00"
481,"applied electronics","[{""id"": 76, ""name"": ""master of engineering""}, {""id"": 91, ""name"": ""master of technology""}]","masters","2023-01-11 16:31:27.528085+00"
482,"biotechnology","[{""id"": 91, ""name"": ""master of technology""}, {""id"": 76, ""name"": ""master of engineering""}]","masters","2023-01-11 16:31:27.529674+00"
483,"industrial chemistry","[{""id"": 57, ""name"": ""master of science""}]","masters","2023-01-11 16:31:27.531288+00"
484,"industrial engineering and management","[{""id"": 91, ""name"": ""master of technology""}, {""id"": 76, ""name"": ""master of engineering""}]","masters","2023-01-11 16:31:27.532885+00"
485,"computer science","[{""id"": 112, ""name"": ""master of computer management""}]","masters","2023-01-11 16:31:27.534475+00"
486,"educational management and administration","[{""id"": 114, ""name"": ""post graduate diploma in educational management and administration""}]","masters","2023-01-11 16:31:27.536071+00"
487,"human resource development and management","[{""id"": 58, ""name"": ""master of social work""}]","masters","2023-01-11 16:31:27.537657+00"
488,"international business","[{""id"": 68, ""name"": ""master of business administration"", ""created"": ""2023-01-11T16:34:38.721386Z"", ""details"": {""shortname"": ""mba"", ""qualification_type"": {""id"": 2, ""name"": ""masters""}}, ""updated"": ""2023-01-11T16:34:38.721386Z"", ""priority"": false}]","masters","2023-01-11 16:31:27.539242+00"
489,"defence technology","[{""id"": 91, ""name"": ""master of technology""}, {""id"": 76, ""name"": ""master of engineering""}]","masters","2023-01-11 16:31:27.540838+00"
490,"hospital management","[{""id"": 68, ""name"": ""master of business administration""}]","masters","2023-01-11 16:31:27.542423+00"
491,"nanoscience and technology","[{""id"": 57, ""name"": ""master of science""}]","masters","2023-01-11 16:31:27.544013+00"
492,"data analytics","[{""id"": 57, ""name"": ""master of science""}]","masters","2023-01-11 16:31:27.545612+00"
493,"economics","[{""id"": 57, ""name"": ""master of science""}]","masters","2023-01-11 16:31:27.547209+00"
494,"geoinformatics","[{""id"": 57, ""name"": ""master of science""}]","masters","2023-01-11 16:31:27.548811+00"
495,"operations management","[{""id"": 68, ""name"": ""master of business administration"", ""created"": ""2023-01-11T16:34:38.721386Z"", ""details"": {""shortname"": ""mba"", ""qualification_type"": {""id"": 2, ""name"": ""masters""}}, ""updated"": ""2023-01-11T16:34:38.721386Z"", ""priority"": false}]","masters","2023-01-11 16:31:27.55058+00"
496,"sports management","[{""id"": 6, ""name"": ""bachelor of business administration""}]","degree","2023-01-11 16:31:27.552171+00"
497,"biotechnology","[{""id"": 104, ""name"": ""integrated master of technology""}]","masters","2023-01-11 16:31:27.553772+00"
498,"journalism","[{""id"": 71, ""name"": ""master of communication journalism""}]","masters","2023-01-11 16:31:27.555359+00"
499,"german","[{""id"": 55, ""name"": ""master of arts""}]","masters","2023-01-11 16:31:27.556955+00"
500,"highway technology","[{""id"": 91, ""name"": ""master of technology""}, {""id"": 76, ""name"": ""master of engineering""}]","masters","2023-01-11 16:31:27.558726+00"
501,"digital business and analytics","[{""id"": 57, ""name"": ""master of science""}]","masters","2023-01-11 16:31:27.560356+00"
502,"history","[{""id"": 87, ""name"": ""master of philosophy"", ""created"": ""2023-01-11T16:34:38.752839Z"", ""details"": {""shortname"": ""m phil"", ""qualification_type"": {""id"": 2, ""name"": ""masters""}}, ""updated"": ""2023-01-11T16:34:38.752839Z"", ""priority"": false}]","masters","2023-01-11 16:31:27.561949+00"
503,"economics","[{""id"": 66, ""name"": ""master in marketing"", ""created"": ""2023-01-11T16:34:38.718125Z"", ""details"": {""shortname"": ""master in marketing"", ""qualification_type"": {""id"": 2, ""name"": ""masters""}}, ""updated"": ""2023-01-11T16:34:38.718125Z"", ""priority"": false}]","masters","2023-01-11 16:31:27.563553+00"
504,"operational research","[{""id"": 57, ""name"": ""master of science""}]","masters","2023-01-11 16:31:27.565142+00"
505,"human resource management","[{""id"": 55, ""name"": ""master of arts""}]","masters","2023-01-11 16:31:27.566737+00"
506,"mathematics","[{""id"": 57, ""name"": ""master of science"", ""created"": ""2023-01-11T16:34:38.696586Z"", ""details"": {""shortname"": ""m sc"", ""qualification_type"": {""id"": 2, ""name"": ""masters"", ""created"": ""2023-01-10T05:32:57.088029Z"", ""details"": {}, ""updated"": ""2023-01-10T05:32:57.088029Z"", ""priority"": true}}, ""updated"": ""2023-02-28T06:32:05.784053Z"", ""priority"": false}]","masters","2023-01-11 16:31:27.568339+00"
507,"forensic science","[{""id"": 57, ""name"": ""master of science""}]","masters","2023-01-11 16:31:27.569964+00"
508,"polymer chemistry","[{""id"": 57, ""name"": ""master of science""}]","masters","2023-01-11 16:31:27.571567+00"
509,"product management program","[{""id"": 102, ""name"": ""post graduate diploma in management""}]","masters","2023-01-11 16:31:27.573339+00"
510,"biophysics","[{""id"": 57, ""name"": ""master of science""}]","masters","2023-01-11 16:31:27.574956+00"
511,"finance","[{""id"": 68, ""name"": ""master of business administration"", ""created"": ""2023-01-11T16:34:38.721386Z"", ""details"": {""shortname"": ""mba"", ""qualification_type"": {""id"": 2, ""name"": ""masters""}}, ""updated"": ""2023-01-11T16:34:38.721386Z"", ""priority"": false}]","masters","2023-01-11 16:31:27.57656+00"
512,"corporate secretaryship","[{""id"": 56, ""name"": ""master of commerce""}]","masters","2023-01-11 16:31:27.578166+00"
513,"arts","[{""id"": 55, ""name"": ""master of arts"", ""created"": ""2023-01-11T16:34:38.693323Z"", ""details"": {""shortname"": ""ma"", ""qualification_type"": {""id"": 2, ""name"": ""masters"", ""created"": ""2023-01-10T05:32:57.088029Z"", ""details"": {}, ""updated"": ""2023-01-10T05:32:57.088029Z"", ""priority"": true}}, ""updated"": ""2023-02-28T06:32:21.029311Z"", ""priority"": false}]","masters","2023-01-11 16:31:27.57977+00"
514,"public health strategist","[{""id"": 90, ""name"": ""master of public health""}]","masters","2023-01-11 16:31:27.58136+00"
515,"human development and family studies","[{""id"": 57, ""name"": ""master of science""}]","masters","2023-01-11 16:31:27.582951+00"
516,"financial management","[{""id"": 102, ""name"": ""post graduate diploma in management""}]","masters","2023-01-11 16:31:27.584555+00"
517,"operations research","[{""id"": 91, ""name"": ""master of technology""}, {""id"": 76, ""name"": ""master of engineering""}]","masters","2023-01-11 16:31:27.586219+00"
518,"cyber security","[{""id"": 57, ""name"": ""master of science""}]","masters","2023-01-11 16:31:27.587824+00"
519,"psychology","[{""id"": 57, ""name"": ""master of science"", ""created"": ""2023-01-11T16:34:38.696586Z"", ""details"": {""shortname"": ""m sc"", ""qualification_type"": {""id"": 2, ""name"": ""masters"", ""created"": ""2023-01-10T05:32:57.088029Z"", ""details"": {}, ""updated"": ""2023-01-10T05:32:57.088029Z"", ""priority"": true}}, ""updated"": ""2023-02-28T06:32:05.784053Z"", ""priority"": false}]","masters","2023-01-11 16:31:27.589422+00"
520,"physical oceanography","[{""id"": 57, ""name"": ""master of science""}]","masters","2023-01-11 16:31:27.591023+00"
521,"software engineering","[{""id"": 57, ""name"": ""master of science""}]","masters","2023-01-11 16:31:27.592636+00"
522,"supply chain management","[{""id"": 68, ""name"": ""master of business administration""}]","masters","2023-01-11 16:31:27.594285+00"
523,"finance and human resource management","[{""id"": 68, ""name"": ""master of business administration"", ""created"": ""2023-01-11T16:34:38.721386Z"", ""details"": {""shortname"": ""mba"", ""qualification_type"": {""id"": 2, ""name"": ""masters""}}, ""updated"": ""2023-01-11T16:34:38.721386Z"", ""priority"": false}]","masters","2023-01-11 16:31:27.595889+00"
524,"green energy technology","[{""id"": 91, ""name"": ""master of technology""}, {""id"": 76, ""name"": ""master of engineering""}]","masters","2023-01-11 16:31:27.59749+00"
525,"advanced computing","[{""id"": 102, ""name"": ""post graduate diploma in management""}]","masters","2023-01-11 16:31:27.599093+00"
526,"kannada","[{""id"": 55, ""name"": ""master of arts"", ""created"": ""2023-01-11T16:34:38.693323Z"", ""details"": {""shortname"": ""ma"", ""qualification_type"": {""id"": 2, ""name"": ""masters"", ""created"": ""2023-01-10T05:32:57.088029Z"", ""details"": {}, ""updated"": ""2023-01-10T05:32:57.088029Z"", ""priority"": true}}, ""updated"": ""2023-02-28T06:32:21.029311Z"", ""priority"": false}]","masters","2023-01-11 16:31:27.601228+00"
527,"interior designing","[{""id"": 57, ""name"": ""master of science""}]","masters","2023-01-11 16:31:27.603011+00"
528,"urdu","[{""id"": 55, ""name"": ""master of arts"", ""created"": ""2023-01-11T16:34:38.693323Z"", ""details"": {""shortname"": ""ma"", ""qualification_type"": {""id"": 2, ""name"": ""masters"", ""created"": ""2023-01-10T05:32:57.088029Z"", ""details"": {}, ""updated"": ""2023-01-10T05:32:57.088029Z"", ""priority"": true}}, ""updated"": ""2023-02-28T06:32:21.029311Z"", ""priority"": false}]","masters","2023-01-11 16:31:27.604624+00"
529,"sanskrit","[{""id"": 55, ""name"": ""master of arts"", ""created"": ""2023-01-11T16:34:38.693323Z"", ""details"": {""shortname"": ""ma"", ""qualification_type"": {""id"": 2, ""name"": ""masters"", ""created"": ""2023-01-10T05:32:57.088029Z"", ""details"": {}, ""updated"": ""2023-01-10T05:32:57.088029Z"", ""priority"": true}}, ""updated"": ""2023-02-28T06:32:21.029311Z"", ""priority"": false}]","masters","2023-01-11 16:31:27.606224+00"
530,"electronics and telecommunication","[{""id"": 57, ""name"": ""master of science""}]","masters","2023-01-11 16:31:27.607831+00"
531,"economics","[{""id"": 55, ""name"": ""master of arts"", ""created"": ""2023-01-11T16:34:38.693323Z"", ""details"": {""shortname"": ""ma"", ""qualification_type"": {""id"": 2, ""name"": ""masters"", ""created"": ""2023-01-10T05:32:57.088029Z"", ""details"": {}, ""updated"": ""2023-01-10T05:32:57.088029Z"", ""priority"": true}}, ""updated"": ""2023-02-28T06:32:21.029311Z"", ""priority"": false}]","masters","2023-01-11 16:31:27.609646+00"
532,"information technology","[{""id"": 91, ""name"": ""master of technology""}, {""id"": 76, ""name"": ""master of engineering""}]","masters","2023-01-11 16:31:27.611226+00"
533,"computer science","[{""id"": 37, ""name"": ""bachelor of technology""}, {""id"": 17, ""name"": ""bachelor of engineering""}]","degree","2023-05-09 03:22:24.497709+00"
534,"arts","[{""id"": 3, ""name"": ""bachelor of arts"", ""created"": ""2023-01-11T16:34:38.605109Z"", ""details"": {""shortname"": ""ba"", ""qualification_type"": {""id"": 3, ""name"": ""degree""}}, ""updated"": ""2023-01-11T16:34:38.605109Z"", ""priority"": true}]","degree","2023-05-09 04:34:39.201564+00"
535,"industrial electronics","[{""id"": 63, ""name"": ""diploma"", ""created"": ""2023-01-11T16:34:38.712726Z"", ""details"": {""shortname"": ""diploma"", ""qualification_type"": {""id"": 4, ""name"": ""diploma""}}, ""updated"": ""2023-01-11T16:34:38.712726Z"", ""priority"": false}]","diploma","2023-05-09 04:50:47.761849+00"
536,"hotel management","[{""id"": 68, ""name"": ""master of business administration"", ""created"": ""2023-01-11T16:34:38.721386Z"", ""details"": {""shortname"": ""mba"", ""qualification_type"": {""id"": 2, ""name"": ""masters""}}, ""updated"": ""2023-01-11T16:34:38.721386Z"", ""priority"": false}]","masters","2023-05-09 05:00:16.671676+00"
537,"physics","[{""id"": 57, ""name"": ""master of science"", ""created"": ""2023-01-11T16:34:38.696586Z"", ""details"": {""shortname"": ""m sc"", ""qualification_type"": {""id"": 2, ""name"": ""masters"", ""created"": ""2023-01-10T05:32:57.088029Z"", ""details"": {}, ""updated"": ""2023-01-10T05:32:57.088029Z"", ""priority"": true}}, ""updated"": ""2023-02-28T06:32:05.784053Z"", ""priority"": false}]","masters","2023-05-09 06:05:06.627185+00"
538,"law ","[{""id"": 24, ""name"": ""bachelor of law"", ""created"": ""2023-01-11T16:34:38.642803Z"", ""details"": {""shortname"": ""llb"", ""qualification_type"": {""id"": 3, ""name"": ""degree""}}, ""updated"": ""2023-01-11T16:34:38.642803Z"", ""priority"": true}]","degree","2023-05-09 06:33:52.122788+00"
540,"computer science","[{""id"": 10, ""name"": ""bachelor of commerce"", ""created"": ""2023-01-11T16:34:38.619095Z"", ""details"": {""shortname"": ""b com"", ""qualification_type"": {""id"": 3, ""name"": ""degree""}}, ""updated"": ""2023-01-11T16:34:38.619095Z"", ""priority"": true}]","degree","2023-05-09 07:33:30.719391+00"
542,"computer science","[{""id"": 35, ""name"": ""bachelor of science"", ""created"": ""2023-01-11T16:34:38.660955Z"", ""details"": {""shortname"": ""b sc"", ""qualification_type"": {""id"": 3, ""name"": ""degree""}}, ""updated"": ""2023-01-11T16:34:38.660955Z"", ""priority"": true}]","degree","2023-05-09 07:46:48.530234+00"
543,"computer science","[{""id"": 57, ""name"": ""master of science"", ""created"": ""2023-01-11T16:34:38.696586Z"", ""details"": {""shortname"": ""m sc"", ""qualification_type"": {""id"": 2, ""name"": ""masters"", ""created"": ""2023-01-10T05:32:57.088029Z"", ""details"": {}, ""updated"": ""2023-01-10T05:32:57.088029Z"", ""priority"": true}}, ""updated"": ""2023-02-28T06:32:05.784053Z"", ""priority"": false}]","masters","2023-05-09 08:25:37.056627+00"
544,"agricultural engineering","[{""id"": 17, ""name"": ""bachelor of engineering""}, {""id"": 37, ""name"": ""bachelor of technology""}]","degree","2023-05-09 09:32:37.793362+00"
545,"tamil","[{""id"": 3, ""name"": ""bachelor of arts"", ""created"": ""2023-01-11T16:34:38.605109Z"", ""details"": {""shortname"": ""ba"", ""qualification_type"": {""id"": 3, ""name"": ""degree""}}, ""updated"": ""2023-01-11T16:34:38.605109Z"", ""priority"": true}]","degree","2023-05-09 09:41:27.003115+00"
546,"computer network and information security","[{""id"": 91, ""name"": ""master of technology""}, {""id"": 76, ""name"": ""master of engineering""}]","masters","2023-05-09 10:45:55.785938+00"
547,"software engineering","[{""id"": 91, ""name"": ""master of technology""}, {""id"": 76, ""name"": ""master of engineering""}]","masters","2023-05-11 05:49:39.972542+00"
548,"banking and finance","[{""id"": 45, ""name"": ""bachelor of vocation"", ""created"": ""2023-01-11T16:34:38.677256Z"", ""details"": {""shortname"": ""bvoc"", ""qualification_type"": {""id"": 3, ""name"": ""degree""}}, ""updated"": ""2023-01-11T16:34:38.677256Z"", ""priority"": true}]","degree","2023-05-11 07:05:49.005328+00"
549,"hospital and health care","[{""id"": 6, ""name"": ""bachelor of business administration""}]","degree","2023-05-11 08:10:14.520966+00"
550,"civil engineering","[{""id"": 76, ""name"": ""master of engineering""}, {""id"": 91, ""name"": ""master of technology""}]","masters","2023-05-11 09:41:02.560339+00"
551,"biotechnology","[{""id"": 57, ""name"": ""master of science""}]","masters","2023-05-11 09:46:14.392319+00"
552,"medical laboratory technology","[{""id"": 35, ""name"": ""bachelor of science"", ""created"": ""2023-01-11T16:34:38.660955Z"", ""details"": {""shortname"": ""bsc"", ""qualification_type"": {""id"": 3, ""name"": ""degree""}}, ""updated"": ""2023-05-09T04:58:44.338501Z"", ""priority"": true}]","degree","2023-05-11 10:41:03.144881+00"
553,"nautical science","[{""id"": 35, ""name"": ""bachelor of science"", ""created"": ""2023-01-11T16:34:38.660955Z"", ""details"": {""shortname"": ""bsc"", ""qualification_type"": {""id"": 3, ""name"": ""degree""}}, ""updated"": ""2023-05-09T04:58:44.338501Z"", ""priority"": true}]","degree","2023-05-11 10:42:45.005963+00"
554,"chemistry","[{""id"": 57, ""name"": ""master of science"", ""created"": ""2023-01-11T16:34:38.696586Z"", ""details"": {""shortname"": ""msc"", ""qualification_type"": {""id"": 2, ""name"": ""masters"", ""created"": ""2023-01-10T05:32:57.088029Z"", ""details"": {}, ""updated"": ""2023-01-10T05:32:57.088029Z"", ""priority"": true}}, ""updated"": ""2023-05-09T06:29:36.870615Z"", ""priority"": false}]","masters","2023-05-11 12:03:46.896853+00"
555,"business analytics","[{""id"": 68, ""name"": ""master of business administration"", ""created"": ""2023-01-11T16:34:38.721386Z"", ""details"": {""shortname"": ""mba"", ""qualification_type"": {""id"": 2, ""name"": ""masters""}}, ""updated"": ""2023-01-11T16:34:38.721386Z"", ""priority"": false}]","masters","2023-05-11 12:36:45.570724+00"
556,"printing technology","[{""id"": 17, ""name"": ""bachelor of engineering""}, {""id"": 37, ""name"": ""bachelor of technology""}]","degree","2023-05-12 05:31:49.338292+00"
557,"printing technology","[{""id"": 63, ""name"": ""diploma"", ""created"": ""2023-01-11T16:34:38.712726Z"", ""details"": {""shortname"": ""diploma"", ""qualification_type"": {""id"": 4, ""name"": ""diploma""}}, ""updated"": ""2023-01-11T16:34:38.712726Z"", ""priority"": false}]","diploma","2023-05-12 05:32:01.208563+00"
558,"nanotechnology","[{""id"": 37, ""name"": ""bachelor of technology""}, {""id"": 17, ""name"": ""bachelor of engineering""}]","degree","2023-05-12 06:07:38.958963+00"
559,"zoology","[{""id"": 57, ""name"": ""master of science"", ""created"": ""2023-01-11T16:34:38.696586Z"", ""details"": {""shortname"": ""msc"", ""qualification_type"": {""id"": 2, ""name"": ""masters"", ""created"": ""2023-01-10T05:32:57.088029Z"", ""details"": {}, ""updated"": ""2023-01-10T05:32:57.088029Z"", ""priority"": true}}, ""updated"": ""2023-05-09T06:29:36.870615Z"", ""priority"": false}]","masters","2023-05-12 06:31:33.061451+00"
560,"computer science","[{""id"": 72, ""name"": ""master of computer application"", ""created"": ""2023-01-11T16:34:38.728142Z"", ""details"": {""shortname"": ""mca"", ""qualification_type"": {""id"": 2, ""name"": ""masters""}}, ""updated"": ""2023-01-11T16:34:38.728142Z"", ""priority"": false}]","masters","2023-05-12 06:50:33.149064+00"
562,"computer science","[{""id"": 97, ""name"": ""bachelor of computer science""}]","degree","2023-05-12 07:26:49.018113+00"
563,"electrical engineering","[{""id"": 91, ""name"": ""master of technology""}, {""id"": 76, ""name"": ""master of engineering""}]","masters","2023-05-12 07:34:31.21421+00"
564,"embedded system technologies","[{""id"": 76, ""name"": ""master of engineering""}, {""id"": 91, ""name"": ""master of technology""}]","masters","2023-05-12 08:19:31.476255+00"
565,"aquaculture","[{""id"": 45, ""name"": ""bachelor of vocation""}]","degree","2023-05-12 09:26:44.681321+00"
566,"aviation","[{""id"": 57, ""name"": ""master of science"", ""created"": ""2023-01-11T16:34:38.696586Z"", ""details"": {""shortname"": ""msc"", ""qualification_type"": {""id"": 2, ""name"": ""masters"", ""created"": ""2023-01-10T05:32:57.088029Z"", ""details"": {}, ""updated"": ""2023-01-10T05:32:57.088029Z"", ""priority"": true}}, ""updated"": ""2023-05-09T06:29:36.870615Z"", ""priority"": false}]","masters","2023-05-12 09:27:38.752868+00"
567,"statistics","[{""id"": 57, ""name"": ""master of science"", ""created"": ""2023-01-11T16:34:38.696586Z"", ""details"": {""shortname"": ""msc"", ""qualification_type"": {""id"": 2, ""name"": ""masters"", ""created"": ""2023-01-10T05:32:57.088029Z"", ""details"": {}, ""updated"": ""2023-01-10T05:32:57.088029Z"", ""priority"": true}}, ""updated"": ""2023-05-09T06:29:36.870615Z"", ""priority"": false}]","masters","2023-05-12 10:05:44.848776+00"
568,"science","[{""id"": 28, ""name"": ""bachelor of nursing"", ""created"": ""2023-01-11T16:34:38.649518Z"", ""details"": {""shortname"": ""bng"", ""qualification_type"": {""id"": 3, ""name"": ""degree""}}, ""updated"": ""2023-01-11T16:34:38.649518Z"", ""priority"": true}]","degree","2023-05-12 10:23:24.528634+00"
569,"criminology","[{""id"": 3, ""name"": ""bachelor of arts"", ""created"": ""2023-01-11T16:34:38.605109Z"", ""details"": {""shortname"": ""ba"", ""qualification_type"": {""id"": 3, ""name"": ""degree""}}, ""updated"": ""2023-01-11T16:34:38.605109Z"", ""priority"": true}]","degree","2023-05-12 10:25:28.800871+00"
570,"system management","[{""id"": 68, ""name"": ""master of business administration"", ""created"": ""2023-01-11T16:34:38.721386Z"", ""details"": {""shortname"": ""mba"", ""qualification_type"": {""id"": 2, ""name"": ""masters""}}, ""updated"": ""2023-01-11T16:34:38.721386Z"", ""priority"": false}]","masters","2023-05-12 10:38:53.759095+00"
571,"human resource management","[{""id"": 6, ""name"": ""bachelor of business administration""}]","degree","2023-05-12 11:53:46.043268+00"
573,"metallurgical engineering","[{""id"": 63, ""name"": ""diploma"", ""created"": ""2023-01-11T16:34:38.712726Z"", ""details"": {""shortname"": ""diploma"", ""qualification_type"": {""id"": 4, ""name"": ""diploma""}}, ""updated"": ""2023-01-11T16:34:38.712726Z"", ""priority"": false}]","diploma","2023-05-12 11:59:32.715006+00"
574,"microbiology","[{""id"": 57, ""name"": ""master of science"", ""created"": ""2023-01-11T16:34:38.696586Z"", ""details"": {""shortname"": ""msc"", ""qualification_type"": {""id"": 2, ""name"": ""masters"", ""created"": ""2023-01-10T05:32:57.088029Z"", ""details"": {}, ""updated"": ""2023-01-10T05:32:57.088029Z"", ""priority"": true}}, ""updated"": ""2023-05-09T06:29:36.870615Z"", ""priority"": false}]","masters","2023-05-13 05:37:13.514844+00"
576,"life science","[{""id"": 57, ""name"": ""master of science"", ""created"": ""2023-01-11T16:34:38.696586Z"", ""details"": {""shortname"": ""msc"", ""qualification_type"": {""id"": 2, ""name"": ""masters"", ""created"": ""2023-01-10T05:32:57.088029Z"", ""details"": {}, ""updated"": ""2023-01-10T05:32:57.088029Z"", ""priority"": true}}, ""updated"": ""2023-05-09T06:29:36.870615Z"", ""priority"": false}]","masters","2023-05-13 07:03:12.166318+00"
577,"electronics and communication engineering","[{""id"": 91, ""name"": ""master of technology""}, {""id"": 76, ""name"": ""master of engineering""}]","masters","2023-05-13 09:26:31.625645+00"
578,"bioinformatics","[{""id"": 57, ""name"": ""master of science"", ""created"": ""2023-01-11T16:34:38.696586Z"", ""details"": {""shortname"": ""msc"", ""qualification_type"": {""id"": 2, ""name"": ""masters"", ""created"": ""2023-01-10T05:32:57.088029Z"", ""details"": {}, ""updated"": ""2023-01-10T05:32:57.088029Z"", ""priority"": true}}, ""updated"": ""2023-05-09T06:29:36.870615Z"", ""priority"": false}]","masters","2023-05-13 09:28:36.091196+00"
579,"finance","[{""id"": 99, ""name"": ""bachelor of management studies"", ""created"": ""2023-05-13T09:32:08.917049Z"", ""details"": {""shortname"": ""BMS"", ""qualification_type"": {""id"": 3, ""name"": ""degree"", ""created"": ""2023-01-10T05:33:03.632278Z"", ""details"": {}, ""updated"": ""2023-01-10T05:33:03.632278Z"", ""priority"": true}}, ""updated"": ""2023-05-13T09:32:08.917049Z"", ""priority"": false}]","degree","2023-05-13 09:33:17.742293+00"
580,"construction engineering and management","[{""id"": 91, ""name"": ""master of technology""}, {""id"": 76, ""name"": ""master of engineering""}]","masters","2023-05-13 09:35:42.979304+00"
582,"structural engineering","[{""id"": 91, ""name"": ""master of technology""}, {""id"": 76, ""name"": ""master of engineering""}]","masters","2023-05-13 10:33:20.947066+00"
583,"financial accounting","[{""id"": 13, ""name"": ""bachelor of computer application"", ""created"": ""2023-01-11T16:34:38.624444Z"", ""details"": {""shortname"": ""bca"", ""qualification_type"": {""id"": 3, ""name"": ""degree""}}, ""updated"": ""2023-01-11T16:34:38.624444Z"", ""priority"": true}]","degree","2023-05-13 12:11:53.881404+00"
584,"chemical engineering","[{""id"": 91, ""name"": ""master of technology""}, {""id"": 76, ""name"": ""master of engineering""}]","masters","2023-05-15 05:06:07.00315+00"
586,"geotechnical engineering","[{""id"": 91, ""name"": ""master of technology""}, {""id"": 76, ""name"": ""master of engineering""}]","masters","2023-05-15 05:18:32.832145+00"
587,"power electronics","[{""id"": 76, ""name"": ""master of engineering""}, {""id"": 91, ""name"": ""master of technology""}]","masters","2023-05-15 05:19:23.156985+00"
588,"accounting and finance","[{""id"": 56, ""name"": ""master of commerce"", ""created"": ""2023-01-11T16:34:38.694951Z"", ""details"": {""shortname"": ""mcom"", ""qualification_type"": {""id"": 2, ""name"": ""masters"", ""created"": ""2023-01-10T05:32:57.088029Z"", ""details"": {}, ""updated"": ""2023-01-10T05:32:57.088029Z"", ""priority"": true}}, ""updated"": ""2023-05-09T06:29:41.510792Z"", ""priority"": false}]","masters","2023-05-15 07:45:55.2865+00"
589,"data science","[{""id"": 91, ""name"": ""master of technology""}, {""id"": 76, ""name"": ""master of engineering""}]","masters","2023-05-15 08:32:47.661951+00"
590,"power and energy systems","[{""id"": 91, ""name"": ""master of technology""}, {""id"": 76, ""name"": ""master of engineering""}]","masters","2023-05-15 08:34:25.499822+00"
591,"information technology","[{""id"": 68, ""name"": ""master of business administration"", ""created"": ""2023-01-11T16:34:38.721386Z"", ""details"": {""shortname"": ""mba"", ""qualification_type"": {""id"": 2, ""name"": ""masters""}}, ""updated"": ""2023-01-11T16:34:38.721386Z"", ""priority"": false}]","masters","2023-05-15 08:38:30.332264+00"
592,"digital communication","[{""id"": 91, ""name"": ""master of technology""}, {""id"": 76, ""name"": ""master of engineering""}]","masters","2023-05-15 08:39:59.741669+00"
593,"environmental engineering","[{""id"": 91, ""name"": ""master of technology""}, {""id"": 76, ""name"": ""master of engineering""}]","masters","2023-05-15 08:41:09.787801+00"
594,"mechanical engineering","[{""id"": 91, ""name"": ""master of technology""}, {""id"": 76, ""name"": ""master of engineering""}]","masters","2023-05-15 09:57:01.479728+00"
595,"environmental science","[{""id"": 57, ""name"": ""master of science"", ""created"": ""2023-01-11T16:34:38.696586Z"", ""details"": {""shortname"": ""msc"", ""qualification_type"": {""id"": 2, ""name"": ""masters"", ""created"": ""2023-01-10T05:32:57.088029Z"", ""details"": {}, ""updated"": ""2023-01-10T05:32:57.088029Z"", ""priority"": true}}, ""updated"": ""2023-05-09T06:29:36.870615Z"", ""priority"": false}]","masters","2023-05-15 10:03:23.125555+00"
596,"botany","[{""id"": 57, ""name"": ""master of science"", ""created"": ""2023-01-11T16:34:38.696586Z"", ""details"": {""shortname"": ""msc"", ""qualification_type"": {""id"": 2, ""name"": ""masters"", ""created"": ""2023-01-10T05:32:57.088029Z"", ""details"": {}, ""updated"": ""2023-01-10T05:32:57.088029Z"", ""priority"": true}}, ""updated"": ""2023-05-09T06:29:36.870615Z"", ""priority"": false}]","masters","2023-05-15 10:20:36.731361+00"
597,"finance and taxation","[{""id"": 56, ""name"": ""master of commerce"", ""created"": ""2023-01-11T16:34:38.694951Z"", ""details"": {""shortname"": ""mcom"", ""qualification_type"": {""id"": 2, ""name"": ""masters"", ""created"": ""2023-01-10T05:32:57.088029Z"", ""details"": {}, ""updated"": ""2023-01-10T05:32:57.088029Z"", ""priority"": true}}, ""updated"": ""2023-05-09T06:29:41.510792Z"", ""priority"": false}]","masters","2023-05-15 10:21:41.109278+00"
599,"metallurgical engineering","[{""id"": 91, ""name"": ""master of technology""}, {""id"": 76, ""name"": ""master of engineering""}]","masters","2023-05-16 06:10:08.371073+00"
600,"data science","[{""id"": 57, ""name"": ""master of science"", ""created"": ""2023-01-11T16:34:38.696586Z"", ""details"": {""shortname"": ""msc"", ""qualification_type"": {""id"": 2, ""name"": ""masters"", ""created"": ""2023-01-10T05:32:57.088029Z"", ""details"": {}, ""updated"": ""2023-01-10T05:32:57.088029Z"", ""priority"": true}}, ""updated"": ""2023-05-09T06:29:36.870615Z"", ""priority"": false}]","masters","2023-05-16 06:11:08.198401+00"
601,"electronics design and technology","[{""id"": 91, ""name"": ""master of technology""}, {""id"": 76, ""name"": ""master of engineering""}]","masters","2023-05-16 06:13:36.951121+00"
602,"systems and signal processing","[{""id"": 76, ""name"": ""master of engineering""}, {""id"": 91, ""name"": ""master of technology""}]","masters","2023-05-16 06:51:21.124641+00"
603,"information technology","[{""id"": 72, ""name"": ""master of computer application""}]","masters","2023-05-16 07:05:28.059346+00"
604,"advanced materials science and technology","[{""id"": 91, ""name"": ""master of technology""}, {""id"": 76, ""name"": ""master of engineering""}]","masters","2023-05-16 07:22:02.237949+00"
605,"electronics","[{""id"": 57, ""name"": ""master of science"", ""created"": ""2023-01-11T16:34:38.696586Z"", ""details"": {""shortname"": ""msc"", ""qualification_type"": {""id"": 2, ""name"": ""masters"", ""created"": ""2023-01-10T05:32:57.088029Z"", ""details"": {}, ""updated"": ""2023-01-10T05:32:57.088029Z"", ""priority"": true}}, ""updated"": ""2023-05-09T06:29:36.870615Z"", ""priority"": false}]","masters","2023-05-16 07:59:17.96862+00"
606,"pharmacy","[{""id"": 86, ""name"": ""master of pharmacy"", ""created"": ""2023-01-11T16:34:38.751208Z"", ""details"": {""shortname"": ""m pharma"", ""qualification_type"": {""id"": 2, ""name"": ""masters""}}, ""updated"": ""2023-01-11T16:34:38.751208Z"", ""priority"": false}]","masters","2023-05-19 05:51:18.648113+00"
607,"biochemistry","[{""id"": 57, ""name"": ""master of science"", ""created"": ""2023-01-11T16:34:38.696586Z"", ""details"": {""shortname"": ""msc"", ""qualification_type"": {""id"": 2, ""name"": ""masters"", ""created"": ""2023-01-10T05:32:57.088029Z"", ""details"": {}, ""updated"": ""2023-01-10T05:32:57.088029Z"", ""priority"": true}}, ""updated"": ""2023-05-09T06:29:36.870615Z"", ""priority"": false}]","masters","2023-05-19 07:10:11.952375+00"
608,"yoga","[{""id"": 55, ""name"": ""master of arts"", ""created"": ""2023-01-11T16:34:38.693323Z"", ""details"": {""shortname"": ""ma"", ""qualification_type"": {""id"": 2, ""name"": ""masters"", ""created"": ""2023-01-10T05:32:57.088029Z"", ""details"": {}, ""updated"": ""2023-01-10T05:32:57.088029Z"", ""priority"": true}}, ""updated"": ""2023-02-28T06:32:21.029311Z"", ""priority"": false}]","masters","2023-05-22 10:07:04.430159+00"
609,"applied geology","[{""id"": 57, ""name"": ""master of science"", ""created"": ""2023-01-11T16:34:38.696586Z"", ""details"": {""shortname"": ""msc"", ""qualification_type"": {""id"": 2, ""name"": ""masters"", ""created"": ""2023-01-10T05:32:57.088029Z"", ""details"": {}, ""updated"": ""2023-01-10T05:32:57.088029Z"", ""priority"": true}}, ""updated"": ""2023-05-09T06:29:36.870615Z"", ""priority"": false}]","masters","2023-05-22 10:28:08.696048+00"
610,"industrial waste management","[{""id"": 45, ""name"": ""bachelor of vocation"", ""created"": ""2023-01-11T16:34:38.677256Z"", ""details"": {""shortname"": ""bvoc"", ""qualification_type"": {""id"": 3, ""name"": ""degree""}}, ""updated"": ""2023-05-11T10:54:25.608776Z"", ""priority"": true}]","degree","2023-05-27 05:49:49.231613+00"
611,"product design","[{""id"": 45, ""name"": ""bachelor of vocation"", ""created"": ""2023-01-11T16:34:38.677256Z"", ""details"": {""shortname"": ""bvoc"", ""qualification_type"": {""id"": 3, ""name"": ""degree""}}, ""updated"": ""2023-05-11T10:54:25.608776Z"", ""priority"": true}]","degree","2023-05-27 06:33:47.316149+00"
612,"information technology","[{""id"": 6, ""name"": ""bachelor of business administration""}]","degree","2023-05-27 06:36:09.62468+00"
613,"fabrication technology and erection engineering","[{""id"": 63, ""name"": ""diploma"", ""created"": ""2023-01-11T16:34:38.712726Z"", ""details"": {""shortname"": ""diploma"", ""qualification_type"": {""id"": 4, ""name"": ""diploma""}}, ""updated"": ""2023-01-11T16:34:38.712726Z"", ""priority"": false}]","diploma","2023-05-27 06:42:49.278037+00"
614,"health inspector","[{""id"": 63, ""name"": ""diploma"", ""created"": ""2023-01-11T16:34:38.712726Z"", ""details"": {""shortname"": ""diploma"", ""qualification_type"": {""id"": 4, ""name"": ""diploma""}}, ""updated"": ""2023-01-11T16:34:38.712726Z"", ""priority"": false}]","diploma","2023-05-27 06:45:00.973527+00"
615,"mining engineering","[{""id"": 63, ""name"": ""diploma""}]","diploma","2023-05-27 06:46:43.341375+00"
616,"aeronautical engineering","[{""id"": 63, ""name"": ""diploma""}]","diploma","2023-05-27 06:48:06.665774+00"
617,"geography","[{""id"": 55, ""name"": ""master of arts"", ""created"": ""2023-01-11T16:34:38.693323Z"", ""details"": {""shortname"": ""ma"", ""qualification_type"": {""id"": 2, ""name"": ""masters"", ""created"": ""2023-01-10T05:32:57.088029Z"", ""details"": {}, ""updated"": ""2023-01-10T05:32:57.088029Z"", ""priority"": true}}, ""updated"": ""2023-02-28T06:32:21.029311Z"", ""priority"": false}]","masters","2023-05-27 07:02:11.125832+00"
618,"logistics and shipping","[{""id"": 68, ""name"": ""master of business administration"", ""created"": ""2023-01-11T16:34:38.721386Z"", ""details"": {""shortname"": ""mba"", ""qualification_type"": {""id"": 2, ""name"": ""masters""}}, ""updated"": ""2023-01-11T16:34:38.721386Z"", ""priority"": false}]","masters","2023-05-27 07:04:46.307223+00"
620,"information technology","[{""id"": 45, ""name"": ""bachelor of vocation""}]","degree","2023-06-05 07:42:41.559822+00"
621,"food processing","[{""id"": 45, ""name"": ""bachelor of vocation""}]","degree","2023-06-05 07:44:46.481255+00"
622,"mechanical engineering","[{""id"": 57, ""name"": ""master of science""}]","masters","2023-06-05 09:43:07.473046+00"
623,"data science","[{""id"": 35, ""name"": ""bachelor of science""}]","degree","2023-06-05 09:58:02.273327+00"
624,"agriculture","[{""id"": 57, ""name"": ""master of science""}]","masters","2023-06-05 10:03:58.412126+00"
625,"information technology","[{""id"": 57, ""name"": ""master of science""}]","masters","2023-06-05 10:14:44.450568+00"
626,"tourism and travel management","[{""id"": 3, ""name"": ""bachelor of arts""}]","degree","2023-06-05 10:31:08.285263+00"
627,"tourism and travel management","[{""id"": 55, ""name"": ""master of arts""}]","masters","2023-06-05 10:31:18.932991+00"
628,"food technology","[{""id"": 76, ""name"": ""master of engineering""}, {""id"": 91, ""name"": ""master of technology""}]","masters","2023-06-05 11:56:09.124553+00"
629,"software engineering","[{""id"": 35, ""name"": ""bachelor of science""}]","degree","2023-06-05 12:02:27.941066+00"
630,"food and beverage management","[{""id"": 22, ""name"": ""bachelor of hotel management""}]","degree","2023-06-05 12:11:16.387582+00"
631,"airport management","[{""id"": 6, ""name"": ""bachelor of business administration""}]","degree","2023-06-05 12:22:28.094025+00"
632,"biomedical sciences","[{""id"": 101, ""name"": ""bachelor of optometry""}]","degree","2023-06-05 12:23:35.777359+00"
633,"artificial intelligence","[{""id"": 76, ""name"": ""master of engineering""}, {""id"": 91, ""name"": ""master of technology""}]","masters","2023-06-05 13:23:13.719854+00"
634,"urban and regional planning","[{""id"": 91, ""name"": ""master of technology""}, {""id"": 76, ""name"": ""master of engineering""}]","masters","2023-06-06 05:09:56.664004+00"
635,"artificial intelligence","[{""id"": 57, ""name"": ""master of science""}]","masters","2023-06-06 05:11:27.77904+00"
636,"biomedical sciences","[{""id"": 14, ""name"": ""bachelor of dental surgery""}]","degree","2023-06-06 05:21:09.257694+00"
637,"psychology","[{""id"": 35, ""name"": ""bachelor of science""}]","degree","2023-06-06 11:07:08.642523+00"
638,"culinary studies","[{""id"": 35, ""name"": ""bachelor of science""}]","degree","2023-06-06 11:09:58.038149+00"
639,"data analytics","[{""id"": 72, ""name"": ""master of computer application""}]","masters","2023-06-06 13:03:54.525577+00"
640,"aerospace engineering","[{""id"": 57, ""name"": ""master of science""}]","masters","2023-06-07 04:39:12.161761+00"
641,"international business","[{""id"": 102, ""name"": ""post graduate diploma in management""}]","masters","2023-06-07 10:34:05.300324+00"
642,"big data analytics","[{""id"": 102, ""name"": ""post graduate diploma in management""}]","masters","2023-06-07 10:35:43.621608+00"
643,"software engineering","[{""id"": 103, ""name"": ""integrated master of technology""}]","degree","2023-06-10 09:42:33.11578+00"
644,"software engineering","[{""id"": 104, ""name"": ""integrated master of technology""}]","masters","2023-06-10 09:42:41.721699+00"
645,"agribusiness management","[{""id"": 102, ""name"": ""post graduate diploma in management""}]","masters","2023-06-15 07:38:25.631799+00"
646,"general management","[{""id"": 68, ""name"": ""master of business administration""}]","masters","2023-06-19 06:56:25.270492+00"
647,"hardware technology and networking","[{""id"": 45, ""name"": ""bachelor of vocation""}]","degree","2023-06-21 04:45:19.133049+00"
648,"mathematics chemistry and computer science","[{""id"": 35, ""name"": ""bachelor of science""}]","degree","2023-07-04 09:50:27.050661+00"
649,"cyber security systems and networks","[{""id"": 91, ""name"": ""master of technology""}, {""id"": 76, ""name"": ""master of engineering""}]","masters","2023-07-05 06:43:58.173364+00"
650,"bioinformatics","[{""id"": 17, ""name"": ""bachelor of engineering""}, {""id"": 37, ""name"": ""bachelor of technology""}]","degree","2023-07-14 07:07:47.001024+00"
651,"distributed computing systems","[{""id"": 91, ""name"": ""master of technology""}, {""id"": 76, ""name"": ""master of engineering""}]","masters","2023-07-14 07:11:08.320897+00"
652,"finance management","[{""id"": 8, ""name"": ""bachelor of business management""}]","degree","2023-07-14 07:13:05.550106+00"
653,"genetic engineering","[{""id"": 37, ""name"": ""bachelor of technology""}, {""id"": 17, ""name"": ""bachelor of engineering""}]","degree","2023-07-14 07:27:18.279221+00"
654,"biomedical sciences","[{""id"": 35, ""name"": ""bachelor of science""}]","degree","2023-07-14 07:37:15.652459+00"
655,"aviation","[{""id"": 35, ""name"": ""bachelor of science""}]","degree","2023-07-14 07:39:33.004678+00"
656,"mechatronics","[{""id"": 45, ""name"": ""bachelor of vocation""}]","degree","2023-07-14 07:53:06.637673+00"
657,"biomedical instrumentation","[{""id"": 57, ""name"": ""master of science""}]","masters","2023-07-14 07:56:14.900767+00"
658,"computer integrated manufacturing","[{""id"": 91, ""name"": ""master of technology""}, {""id"": 76, ""name"": ""master of engineering""}]","masters","2023-07-14 08:00:11.761055+00"
659,"electronics and instrumentation engineering","[{""id"": 91, ""name"": ""master of technology""}, {""id"": 76, ""name"": ""master of engineering""}]","masters","2023-07-14 08:03:39.461671+00"
660,"finance","[{""id"": 84, ""name"": ""master of management studies""}]","masters","2023-07-14 08:18:25.150452+00"
661,"electrical and electronics engineering","[{""id"": 76, ""name"": ""master of engineering""}, {""id"": 91, ""name"": ""master of technology""}]","masters","2023-07-14 08:22:05.641716+00"
662,"business management","[{""id"": 56, ""name"": ""master of commerce""}]","masters","2023-07-14 09:27:13.693196+00"
663,"organic chemistry","[{""id"": 57, ""name"": ""master of science""}]","masters","2023-07-14 10:20:00.204745+00"
664,"electronics and communication engineering","[{""id"": 103, ""name"": ""integrated master of technology""}]","degree","2023-07-14 10:23:57.205369+00"
665,"electronics and communication engineering","[{""id"": 104, ""name"": ""integrated master of technology""}]","masters","2023-07-14 10:24:25.331953+00"
666,"sericulture","[{""id"": 35, ""name"": ""bachelor of science""}]","degree","2023-07-14 10:26:34.909085+00"
667,"aeronautical engineering","[{""id"": 76, ""name"": ""master of engineering""}, {""id"": 91, ""name"": ""master of technology""}]","masters","2023-07-14 10:29:41.742312+00"
668,"pharmacy","[{""id"": 50, ""name"": ""diploma in pharmacy""}]","diploma","2023-07-17 05:12:31.802182+00"
669,"production engineering","[{""id"": 63, ""name"": ""diploma""}]","diploma","2023-07-17 05:22:35.749369+00"
670,"mechatronics","[{""id"": 63, ""name"": ""diploma""}]","diploma","2023-07-17 05:27:22.280358+00"
671,"finance and marketing","[{""id"": 68, ""name"": ""master of business administration""}]","masters","2023-07-17 10:17:56.14878+00"
672,"geological technology and geoinformatics","[{""id"": 37, ""name"": ""bachelor of technology""}, {""id"": 17, ""name"": ""bachelor of engineering""}]","degree","2023-07-19 05:37:08.205962+00"
673,"business analytics","[{""id"": 10, ""name"": ""bachelor of commerce""}]","degree","2023-07-19 05:39:56.21104+00"
674,"electronics and communication engineering","[{""id"": 57, ""name"": ""master of science""}]","masters","2023-07-19 05:43:26.049452+00"
675,"accounts statistics and computer applications","[{""id"": 3, ""name"": ""bachelor of arts""}]","degree","2023-07-19 05:49:47.28997+00"
676,"architecture","[{""id"": 2, ""name"": ""bachelor of architecture""}]","degree","2023-07-19 05:52:07.4911+00"
677,"biomedical signal processing and instrumentation","[{""id"": 91, ""name"": ""master of technology""}, {""id"": 76, ""name"": ""master of engineering""}]","masters","2023-07-19 05:56:01.293785+00"
678,"technology and management consulting","[{""id"": 105, ""name"": ""master of vocation""}]","masters","2023-07-19 06:00:28.960456+00"
679,"horticulture","[{""id"": 57, ""name"": ""master of science""}]","masters","2023-07-19 06:03:16.640902+00"
680,"social science","[{""id"": 36, ""name"": ""bachelor of social work""}]","degree","2023-07-21 06:01:35.540788+00"
681,"lab technologist","[{""id"": 61, ""name"": ""bachelor of medical laboratory technology""}]","degree","2023-07-21 10:28:08.311709+00"
682,"bioinformatics","[{""id"": 102, ""name"": ""post graduate diploma in management""}]","masters","2023-07-22 10:32:27.294435+00"
683,"production engineering","[{""id"": 76, ""name"": ""master of engineering""}, {""id"": 91, ""name"": ""master of technology""}]","masters","2023-07-28 05:56:49.021945+00"
684,"defence and strategic studies","[{""id"": 3, ""name"": ""bachelor of arts""}]","degree","2023-07-28 11:30:33.852402+00"
685,"information systems management","[{""id"": 10, ""name"": ""bachelor of commerce""}]","degree","2023-07-28 12:05:19.118974+00"
686,"international business","[{""id"": 99, ""name"": ""bachelor of management studies""}]","degree","2023-07-28 13:31:47.092228+00"
687,"food and beverage management","[{""id"": 106, ""name"": ""bachelor of hotel management and catering technology""}]","degree","2023-07-29 05:28:14.878567+00"
688,"library and information science","[{""id"": 107, ""name"": ""master of library and information science""}]","masters","2023-07-29 05:35:11.514302+00"
689,"advanced manufacturing systems","[{""id"": 76, ""name"": ""master of engineering""}, {""id"": 91, ""name"": ""master of technology""}]","masters","2023-07-29 05:54:50.630757+00"
690,"costume design and fashion","[{""id"": 57, ""name"": ""master of science""}]","masters","2023-07-29 05:54:50.685399+00"
691,"electronics robotics","[{""id"": 63, ""name"": ""diploma""}]","diploma","2023-07-29 06:13:01.833968+00"
692,"biomedical engineering","[{""id"": 63, ""name"": ""diploma""}]","diploma","2023-07-29 06:17:02.849155+00"
693,"agribusiness management","[{""id"": 68, ""name"": ""master of business administration""}]","masters","2023-07-29 06:19:03.302446+00"
694,"business administration","[{""id"": 63, ""name"": ""diploma""}]","diploma","2023-07-29 06:34:29.171891+00"
695,"architecture engineering","[{""id"": 63, ""name"": ""diploma""}]","diploma","2023-07-29 06:58:03.517281+00"
696,"electronics and telecommunications engineering","[{""id"": 91, ""name"": ""master of technology""}, {""id"": 76, ""name"": ""master of engineering""}]","masters","2023-07-29 07:08:58.635629+00"
697,"artificial intelligence and machine learning","[{""id"": 35, ""name"": ""bachelor of science""}]","degree","2023-08-04 10:25:11.53349+00"
698,"hospital administration","[{""id"": 68, ""name"": ""master of business administration""}]","masters","2023-08-05 04:51:32.432649+00"
699,"corporate secretaryship","[{""id"": 68, ""name"": ""master of business administration""}]","masters","2023-08-05 04:53:09.070552+00"
700,"hotel management","[{""id"": 63, ""name"": ""diploma""}]","diploma","2023-08-05 04:54:10.857762+00"
701,"data science","[{""id"": 13, ""name"": ""bachelor of computer application""}]","degree","2023-08-09 06:57:55.994955+00"
702,"digital electronics","[{""id"": 63, ""name"": ""diploma""}]","diploma","2023-08-09 10:50:09.478392+00"
703,"forestry","[{""id"": 35, ""name"": ""bachelor of science""}]","degree","2023-08-18 10:37:48.053105+00"
704,"fashion technology","[{""id"": 37, ""name"": ""bachelor of technology""}, {""id"": 17, ""name"": ""bachelor of engineering""}]","degree","2023-08-18 10:39:53.291003+00"
705,"innovation and entrepreneurship management","[{""id"": 68, ""name"": ""master of business administration""}]","masters","2023-08-18 10:52:10.429033+00"
706,"automation and robotics","[{""id"": 91, ""name"": ""master of technology""}, {""id"": 76, ""name"": ""master of engineering""}]","masters","2023-08-18 10:55:20.489667+00"
707,"polymer technology","[{""id"": 63, ""name"": ""diploma""}]","diploma","2023-08-18 10:56:30.468067+00"
708,"sensor systems technology","[{""id"": 57, ""name"": ""master of science""}]","masters","2023-08-18 10:58:02.592481+00"
709,"actuarial science","[{""id"": 57, ""name"": ""master of science""}]","masters","2023-08-26 10:44:55.146873+00"
710,"transportation engineering and management","[{""id"": 91, ""name"": ""master of technology""}, {""id"": 76, ""name"": ""master of engineering""}]","masters","2023-09-02 06:24:39.04368+00"
711,"urban and regional planning","[{""id"": 37, ""name"": ""bachelor of technology""}, {""id"": 17, ""name"": ""bachelor of engineering""}]","degree","2023-09-22 04:25:41.993317+00"
712,"applied geophysics","[{""id"": 104, ""name"": ""integrated master of technology""}]","masters","2023-09-22 09:39:00.591321+00"
713,"quality engineering and management","[{""id"": 91, ""name"": ""master of technology""}, {""id"": 76, ""name"": ""master of engineering""}]","masters","2023-09-22 09:46:57.815441+00"
714,"tamil","[{""id"": 16, ""name"": ""bachelor of education""}]","degree","2023-10-08 09:24:36.483185+00"
715,"urban and regional planning","[{""id"": 34, ""name"": ""bachelor of planning""}]","degree","2023-11-23 09:29:06.353706+00"
716,"rigging and animation","[{""id"": 110, ""name"": ""bachelor of multimedia""}]","degree","2024-05-07 05:21:46.224339+00"
717,"medicine","[{""id"": 21, ""name"": ""bachelor of homeopathic medicine & surgery""}]","degree","2024-05-10 12:24:22.778808+00"
718,"interior design and decoration","[{""id"": 63, ""name"": ""diploma""}]","diploma","2024-07-02 11:49:54.674977+00"
719,"petrochemical technology","[{""id"": 63, ""name"": ""diploma""}]","diploma","2024-07-10 12:53:39.583325+00"
720,"marine engineering","[{""id"": 63, ""name"": ""diploma""}]","diploma","2024-07-12 05:00:39.630592+00"
721,"visual effects","[{""id"": 63, ""name"": ""diploma""}]","diploma","2024-07-12 05:01:36.329638+00"
722,"event management","[{""id"": 63, ""name"": ""diploma""}]","diploma","2024-08-07 07:16:27.038746+00"
723,"packaging technology","[{""id"": 63, ""name"": ""diploma""}]","diploma","2024-09-12 05:51:19.706758+00"
724,"law","[{""id"": 95, ""name"": ""master of law""}]","masters","2024-09-30 12:48:18.083309+00"
725,"logistics and supply chain management","[{""id"": 57, ""name"": ""master of science""}]","masters","2024-10-25 11:03:08.319894+00"
726,"mca","[{""id"": 115, ""name"": ""mca""}]","degree","2024-10-26 11:04:01.913666+00"
727,"it","[{""id"": 116, ""name"": ""msc""}]","degree","2024-10-26 11:04:27.217806+00"
728,"csc","[{""id"": 116, ""name"": ""msc""}]","degree","2024-10-26 11:04:50.967347+00"
729,"machine learning  test","[{""id"": 17, ""name"": ""bachelor of engineering""}]","degree","2024-11-06 07:32:04.03154+00"
730,"artificial intelligance test","[{""id"": 91, ""name"": ""master of technology""}]","masters","2024-11-14 11:46:32.21068+00"
731,"food processing","[{""id"": 63, ""name"": ""diploma""}]","diploma","2025-01-17 13:17:21.818825+00"
732,"business analytics","[{""id"": 13, ""name"": ""bachelor of computer application""}]","degree","2025-07-08 09:58:33.86459+00"
733,"business analytics","[{""id"": 6, ""name"": ""bachelor of business administration""}]","degree","2025-07-08 09:59:05.928995+00"
734,"fashion technology","[{""id"": 63, ""name"": ""diploma""}]","diploma","2026-03-19 02:04:41.851782+00"
735,"plastic processing operator","[{""id"": 64, ""name"": ""iti""}]","iti","2026-03-19 02:10:40.648524+00"
736,"anesthesia and critical care technology","[{""id"": 63, ""name"": ""diploma""}]","diploma","2026-04-10 11:46:39.189855+00"
737,"x ray technology","[{""id"": 63, ""name"": ""diploma""}]","diploma","2026-05-29 11:06:07.35417+00"
738,"man made fiber technology","[{""id"": 63, ""name"": ""diploma""}]","diploma","2026-05-30 02:36:37.703053+00"
